"scheduled_time","node_seq","sector_type","sector_code","sector_name","candidate_rank","candidate_score_v1","candidate_hit_count","candidate_reason_mask","hit_price_strength","hit_breadth","hit_capital_share","hit_capital_acceleration","hit_limit_strength","hit_new_high","hit_persistence","index_change_ratio_pct","index_change_1m_pct","up_ratio","up_ratio_delta_15m","turnover_market_share_pct","turnover_1m_market_share_pct","turnover_market_share_delta_15m","turnover_1m_market_share_delta_15m","turnover_share_rank","turnover_share_rank_delta","limit_up_count","limit_break_count","new_high_ratio","turnover_1m_top1_share_pct","turnover_1m_top3_share_pct","turnover_1m_top5_share_pct","candidate_hit_count_3","candidate_hit_count_5","state_data_status","state_source_scheduled_time","state_source_age_seconds"
"2026-08-28 10:00:15.000",42,"concept","886033.TI","共封装光学(CPO)",1,92.8303,6,95,1,1,1,1,1,0,1,1.917439,-0.12218398018254417,0.8380952380952381,0.10952380952380958,22.225140128620218,23.988882881918798,1.0128679351729772,4.027082201700562,12,0,4,1,0.04285714285714286,8.815921142274512,20.00407585102664,28.89020467496173,3,3,"CURRENT","2026-08-28 10:00:15.000",0
"2026-08-28 10:00:15.000",42,"concept","886009.TI","先进封装",2,90.5398,6,95,1,1,1,1,1,0,1,1.631342,-0.08786942383027796,0.8252427184466019,0.15533980582524265,12.382648848347756,14.074488820265744,0.40677471879868676,2.88404840875835,30,3,1,0,0.06796116504854369,10.295353599936147,17.39541378191662,23.84345751266062,3,3,"CURRENT","2026-08-28 10:00:15.000",0
"2026-08-28 10:00:15.000",42,"concept","885959.TI","PCB概念",3,90.3522,6,95,1,1,1,1,1,0,1,1.855277,-0.09643410597733881,0.8067226890756303,0.0798319327731093,13.95449163809548,15.745643356889834,0.40577101555671113,0.3448067128804606,26,1,4,1,0.09663865546218488,9.202662340219916,24.370809207066436,32.59620852568604,2,2,"CURRENT","2026-08-28 10:00:15.000",0
"2026-08-28 10:00:15.000",42,"concept","885800.TI","消费电子概念",4,90.0129,6,95,1,1,1,1,1,0,1,1.448451,-0.06508050358456918,0.7845849802371542,0.09090909090909094,16.266945954785935,17.109499275730972,0.3106128328405031,1.3136212563611451,19,2,7,1,0.04743083003952569,6.741444343952274,13.600013884726717,18.94430944595692,2,2,"CURRENT","2026-08-28 10:00:15.000",0
"2026-08-28 10:00:15.000",42,"concept","885556.TI","5G",5,88.91,6,95,1,1,1,1,1,0,1,1.329271,-0.08021316161981318,0.76431718061674,0.05947136563876643,26.26754934353528,28.00423797025882,0.7303763504635725,3.808690238054222,8,1,6,1,0.04185022026431718,7.5518605434954615,17.135814702793823,24.74781628117676,2,2,"CURRENT","2026-08-28 10:00:15.000",0
"2026-08-28 10:00:15.000",42,"concept","885454.TI","智能穿戴",6,81.7147,5,91,1,1,0,1,1,0,1,1.355258,-0.0845905508696898,0.7708333333333334,0.10000000000000009,9.23335279237628,10.511152319431682,0.14019366043016568,1.6060913090904592,43,2,5,0,0.029166666666666667,10.973367487692201,20.480385806679045,28.758295226939968,3,3,"CURRENT","2026-08-28 10:00:15.000",0
"2026-08-28 10:00:15.000",42,"concept","885756.TI","芯片概念",7,81.5347,5,94,0,1,1,1,1,0,1,1.263156,-0.08797964850386641,0.764642082429501,0.08242950108459868,42.16506876236908,44.37663164180678,0.7820202539795318,1.620661371168552,3,0,8,1,0.0455531453362256,4.765663637683983,10.81369664612427,15.617312777957897,2,2,"CURRENT","2026-08-28 10:00:15.000",0
"2026-08-28 10:00:15.000",42,"concept","885545.TI","汽车电子",8,81.4602,5,94,0,1,1,1,1,0,1,1.246248,-0.06609871000389234,0.7633587786259542,0.07124681933842247,17.83284940085597,20.46754243458565,0.6866930010771739,3.644456227439388,17,1,3,1,0.05089058524173028,10.332657203675485,23.445679142231274,30.038522690144653,3,3,"CURRENT","2026-08-28 10:00:15.000",0
"2026-08-28 10:00:15.000",42,"concept","886042.TI","存储芯片",9,80.9614,5,79,1,1,1,1,0,0,1,1.404766,-0.094954044677098,0.7931034482758621,0.1280788177339902,14.814591644188505,16.12722949158459,0.4830739221716627,2.25377307203488,23,2,0,0,0.054187192118226604,8.984918284854555,16.936360454991853,23.132695523370632,2,2,"CURRENT","2026-08-28 10:00:15.000",0
"2026-08-28 10:00:15.000",42,"concept","885887.TI","数据中心(AIDC)",10,79.8175,5,94,0,1,1,1,1,0,1,1.046957,-0.07159153489103565,0.7125382262996942,0.03822629969418967,29.786528436953404,29.246008021986718,0.10591909351987638,0.29507747799101836,5,0,9,0,0.03058103975535168,7.2312125340068425,15.397531532850742,21.763115099379128,3,3,"CURRENT","2026-08-28 10:00:15.000",0
"2026-08-28 10:00:15.000",42,"concept","885806.TI","华为概念",11,78.9383,5,94,0,1,1,1,1,0,1,1.114324,-0.08153418324966522,0.7201195219123506,0.019920318725099584,29.260074038716,30.80815786435115,0.05636748621254739,1.7666270818577026,6,0,10,2,0.022908366533864542,4.703359408277161,12.455599318299491,16.54809511115146,3,3,"CURRENT","2026-08-28 10:00:15.000",0
"2026-08-28 10:00:15.000",42,"concept","885908.TI","第三代半导体",12,78.9203,5,91,1,1,0,1,1,0,1,1.336397,-0.07780828435212106,0.8111111111111111,0.13888888888888884,8.477270678564874,9.398375459707271,-0.13953656793788483,2.2029290832933768,50,-1,1,0,0.06666666666666667,9.399745936866218,20.032404536527075,29.182523090702755,2,2,"CURRENT","2026-08-28 10:00:15.000",0
"2026-08-28 10:00:15.000",42,"concept","885929.TI","专精特新",13,78.8072,5,94,0,1,1,1,1,0,1,0.927674,-0.056607803604868945,0.7227642276422764,0.051219512195122,17.94244355966427,18.275461454723114,-0.0467941673698391,1.5859350991962593,16,-1,4,1,0.03902439024390244,4.833932196973081,8.908724428412471,12.704873305837234,3,3,"CURRENT","2026-08-28 10:00:15.000",0
"2026-08-28 10:00:15.000",42,"concept","885786.TI","富士康概念",14,77.8638,5,91,1,1,0,1,1,0,1,1.842625,-0.11839434001988947,0.7981651376146789,0.07339449541284404,4.679431081880368,4.772543010291443,0.14144057903234497,-0.31230353337488914,104,1,2,0,0.03669724770642202,14.53307608445901,33.715822069411864,41.23750655181284,2,2,"CURRENT","2026-08-28 10:00:15.000",0
"2026-08-28 10:00:15.000",42,"concept","885997.TI","比亚迪概念",15,77.7738,5,94,0,1,1,1,1,0,1,0.975221,-0.06282680813091135,0.7124087591240876,0.03795620437956204,14.633460301008858,15.153101387255685,0.09600198150531725,1.0463820688851975,24,-1,4,1,0.033576642335766425,3.1566525715102616,8.37759263969875,12.79962921871566,3,3,"CURRENT","2026-08-28 10:00:15.000",0
"2026-08-28 10:00:15.000",42,"concept","885998.TI","F5G概念",16,77.108,5,91,1,1,0,1,1,0,1,1.607543,-0.12895949350418823,0.6944444444444444,0.08333333333333326,4.806060578781078,4.909621720961653,0.13145373787402725,1.7707160203579613,101,1,2,0,0.027777777777777776,43.075436723632436,64.73794998834953,76.05968976815679,2,2,"CURRENT","2026-08-28 10:00:15.000",0
"2026-08-28 10:00:15.000",42,"concept","885809.TI","柔性屏(折叠屏)",17,76.7918,5,91,1,1,0,1,1,0,1,1.547316,-0.09494946669593718,0.8348623853211009,0.13761467889908252,3.543270892805634,3.649250109105669,0.0834945535298921,-0.000857314976117074,125,5,3,0,0.027522935779816515,11.89428538230127,27.89917972934422,36.19607847144348,2,2,"CURRENT","2026-08-28 10:00:15.000",0
"2026-08-28 10:00:15.000",42,"concept","885785.TI","小米概念",18,76.5167,5,94,0,1,1,1,1,0,1,1.063256,-0.06277216491872295,0.7226666666666667,0.06666666666666665,12.360503787647708,12.81124329317225,0.04549771488708387,0.5662235242700255,31,0,1,0,0.042666666666666665,9.003243048370175,19.536124361569275,27.787941327208593,3,3,"CURRENT","2026-08-28 10:00:15.000",0
"2026-08-28 10:00:15.000",42,"concept","886037.TI","6G概念",19,76.0514,5,91,1,1,0,1,1,0,1,1.354177,-0.07159809281386265,0.7448979591836735,0.08163265306122458,5.87551136891395,6.0957903966170175,-0.13059228230664832,0.8644209225375752,87,-3,1,0,0.061224489795918366,20.258159450264586,38.27815797968558,48.70144532547331,2,2,"CURRENT","2026-08-28 10:00:15.000",0
"2026-08-28 10:00:15.000",42,"concept","886070.TI","AI手机",20,76.0206,5,91,1,1,0,1,1,0,1,1.562806,-0.07745963783817311,0.775,0.09999999999999998,3.32244555215122,3.6371950755260825,0.17290932096945033,0.5603540751718805,133,7,1,0,0.05,31.712001892983142,57.31344927983678,68.74041768804283,2,2,"CURRENT","2026-08-28 10:00:15.000",0
"2026-08-28 10:00:15.000",42,"industry","881270.TI","元件",1,97.6771,7,127,1,1,1,1,1,1,1,2.773539,-0.0928351602620503,0.8412698412698413,0.07936507936507942,7.755614303762061,7.848363166189827,0.47118532297605054,0.460293421445515,3,0,1,0,0.1111111111111111,18.46268273711014,41.92721869436725,50.93190850380157,3,3,"CURRENT","2026-08-28 10:00:15.000",0
"2026-08-28 10:00:15.000",42,"industry","884092.TI","印制电路板",2,95.489,7,127,1,1,1,1,1,1,1,2.639036,-0.10364892339194132,0.8297872340425532,0.06382978723404253,5.971119277813922,6.400602125486879,0.48933111197048174,0.6454563237021045,4,0,1,0,0.1276595744680851,22.638782461729985,51.410794236272984,62.20270808892351,2,2,"CURRENT","2026-08-28 10:00:15.000",0
"2026-08-28 10:00:15.000",42,"industry","884262.TI","通信网络设备及器件",3,87.9687,6,95,1,1,1,1,1,0,1,2.073891,-0.14114017351753994,0.8,0.07500000000000007,5.508758272607308,5.254502341800672,0.5667386093911011,1.2645185771129182,5,1,2,0,0,40.248169288241535,66.28031778839201,74.12738602741473,3,3,"CURRENT","2026-08-28 10:00:15.000",0
"2026-08-28 10:00:15.000",42,"industry","881124.TI","消费电子",4,86.8715,6,95,1,1,1,1,1,0,1,1.321751,-0.0924138366065419,0.78125,0.09375,2.879397206239548,3.2113899101023033,0.014922161158732461,-0.7730438574941605,8,1,1,0,0.010416666666666666,21.59804091889578,41.228448152592186,53.099494378973255,2,2,"CURRENT","2026-08-28 10:00:15.000",0
"2026-08-28 10:00:15.000",42,"industry","881172.TI","电子化学品",5,86.4765,6,111,1,1,1,1,0,1,1,1.840591,-0.11088374605844331,0.9302325581395349,0.2093023255813954,2.1324243346211063,2.8965995650896095,0.02495176073696115,1.00701534824427,17,0,0,0,0.11627906976744186,16.276939137687954,39.686636548217464,52.607064244820165,2,2,"CURRENT","2026-08-28 10:00:15.000",0
"2026-08-28 10:00:15.000",42,"industry","881279.TI","光伏设备",6,85.9028,6,95,1,1,1,1,1,0,1,1.198295,-0.13654508212519456,0.7916666666666666,0,1.4187062012042488,1.172576699634592,0.006686494173675506,0.12873528446700644,31,0,1,0,0.027777777777777776,19.21212059033453,33.167118099486004,45.134600145630834,2,2,"CURRENT","2026-08-28 10:00:15.000",0
"2026-08-28 10:00:15.000",42,"industry","884098.TI","消费电子零部件及组装",7,85.5455,6,95,1,1,1,1,1,0,1,1.345799,-0.08834817837191089,0.788235294117647,0.09411764705882353,2.738770350420545,2.883920152584978,0.004103100612347532,-0.9630198015366189,10,0,1,0,0.011764705882352941,24.050503139883595,45.90994736374177,56.504518429611764,2,2,"CURRENT","2026-08-28 10:00:15.000",0
"2026-08-28 10:00:15.000",42,"industry","881122.TI","光学光电子",8,81.8871,5,94,0,1,1,1,1,0,1,1.091673,-0.07916510838795743,0.794392523364486,0.14953271028037385,1.7696895821050729,1.853161466277375,0.051540954307850884,0.13179183876329748,24,2,1,0,0.037383177570093455,23.42225597658748,31.06614753469708,38.205815170437866,3,3,"CURRENT","2026-08-28 10:00:15.000",0
"2026-08-28 10:00:15.000",42,"industry","881121.TI","半导体",9,81.4702,5,79,1,1,1,1,0,0,1,1.320314,-0.09716406283233336,0.786096256684492,0.17112299465240643,11.967196588228662,11.934695369596202,0.11281015855178467,0.7575047966288153,1,0,0,0,0.058823529411764705,5.540471745220355,15.109843048053484,22.771389338300704,2,2,"CURRENT","2026-08-28 10:00:15.000",0
"2026-08-28 10:00:15.000",42,"industry","881129.TI","通信设备",10,81.2508,5,94,0,1,1,1,1,0,1,1.12718,-0.0991324902279267,0.7252747252747253,0.07692307692307687,9.322357399059602,9.71899980834755,0.2564776245417342,2.8248619246123825,2,0,2,0,0.04395604395604396,21.759862532008025,44.53124484552175,60.91037857516275,2,2,"CURRENT","2026-08-28 10:00:15.000",0
"2026-08-28 10:00:15.000",42,"industry","881140.TI","化学制药",11,80.6176,5,93,1,0,1,1,1,0,1,-0.494873,0.08358449478778063,0.3291139240506329,0.012658227848101222,1.92502208494594,1.8994182780310482,-0.030065827086669605,0.25408597310597214,21,-1,1,0,0.02531645569620253,8.18503663585428,22.116380287856895,33.20080520200007,2,2,"CURRENT","2026-08-28 10:00:15.000",0
"2026-08-28 10:00:15.000",42,"industry","884034.TI","其他化学制品",12,79.7837,5,91,1,1,0,1,1,0,1,1.45328,-0.0009284460883551837,0.7926829268292683,-0.012195121951219523,0.7435609667215902,0.6390990354233039,0.06496194959497892,-0.3151158684944243,64,8,2,0,0.08536585365853659,16.447854725655176,35.51292916480586,44.501639863753496,2,2,"CURRENT","2026-08-28 10:00:15.000",0
"2026-08-28 10:00:15.000",42,"industry","884144.TI","化学制剂",13,79.7524,5,93,1,0,1,1,1,0,1,-0.512005,0.09232655760122999,0.3181818181818182,0.009090909090909094,1.4652386382017923,1.3226534451044956,-0.06500462732327605,0.15485629796205602,29,0,1,0,0.01818181818181818,11.754256755644038,31.360664168752777,42.46128778537011,2,2,"CURRENT","2026-08-28 10:00:15.000",0
"2026-08-28 10:00:15.000",42,"industry","884296.TI","横向通用软件",14,78.0658,5,87,1,1,1,0,1,0,1,4.797219,-0.06815579942319738,0.9512195121951219,-0.024390243902439046,1.5619735453463641,0.834901852428833,-0.2999362108343846,-0.9078684947545606,26,-3,5,0,0.024390243902439025,17.98554229008188,37.542779644977244,51.11790119822097,3,3,"CURRENT","2026-08-28 10:00:15.000",0
"2026-08-28 10:00:15.000",42,"industry","884228.TI","集成电路封测",15,77.8652,5,107,1,1,0,1,0,1,1,1.780311,-0.11443947909682839,0.9285714285714286,0.1428571428571429,1.0596811803369008,1.7000396417708084,0.10363581298553137,0.9963727186483712,46,6,0,0,0.14285714285714285,30.644368468841353,72.94488568304205,89.88278059083466,2,2,"CURRENT","2026-08-28 10:00:15.000",0
"2026-08-28 10:00:15.000",42,"style","883432.TI","科技(TMT)",1,81.7981,5,94,0,1,1,1,1,0,1,1.296032,-0.05977038359651354,0.7605740181268882,0.02945619335347427,49.14045377327128,49.928013564836405,0.4063154653255765,2.3369128879963057,3,0,14,0,0.03474320241691843,4.235780370144754,9.611346386295402,13.88085939934972,3,3,"CURRENT","2026-08-28 10:00:15.000",0
"2026-08-28 10:00:15.000",42,"style","883924.TI","QFII重仓",2,77.4615,5,94,0,1,1,1,1,0,1,0.833997,-0.028072284154778693,0.7004048582995951,0.020242914979757054,23.163311411970266,25.33370777810944,0.06316391830452162,3.315687435195155,10,0,13,1,0.03562753036437247,5.719724898231912,9.761122080617849,13.166365342560457,2,2,"CURRENT","2026-08-28 10:00:15.000",0
"2026-08-28 10:00:15.000",42,"style","883409.TI","近期强势",3,72.4423,4,86,0,1,1,0,1,0,1,1.279643,-0.10038925636559615,0.6789587852494577,0.09110629067245124,28.347811027658416,26.09168661524498,-1.238196711893,1.5168859862519497,5,0,15,4,0.03036876355748373,5.553563526948083,13.672311789347324,19.02504811094611,2,2,"CURRENT","2026-08-28 10:00:15.000",0
"2026-08-28 10:00:15.000",42,"style","883910.TI","同花顺热股",4,72.1154,4,90,0,1,0,1,1,0,1,2.115778,0.013605088888413164,0.7,0.09999999999999998,18.93298816125917,19.64154418211175,0.3199112264423256,4.579874780231156,14,0,4,1,0.08,10.767182957583401,24.43165508281868,35.28458505892318,2,2,"CURRENT","2026-08-28 10:00:15.000",0
"2026-08-28 10:00:15.000",42,"style","883443.TI","同花顺算力主题精选",5,69.5192,4,90,0,1,0,1,1,0,1,1.638094,-0.1734187634062745,0.79,0.06000000000000005,19.776764179305285,20.72090541728878,1.0818428833400553,1.600364711368215,13,0,1,0,0.05,10.206315579327933,22.765833178692937,31.750378221593635,2,2,"CURRENT","2026-08-28 10:00:15.000",0
"2026-08-28 10:00:15.000",42,"style","883916.TI","百元股",6,69.0192,4,78,0,1,1,1,0,0,1,0.928837,-0.12370959748276844,0.6576576576576577,0.0990990990990992,25.481211120575626,26.15071611557511,0.8915263673287726,1.9396612974519094,8,0,0,0,0.03153153153153153,8.087124606591448,18.038843523696627,25.157880234910674,2,2,"CURRENT","2026-08-28 10:00:15.000",0
"2026-08-28 10:00:15.000",42,"style","883420.TI","减持新规(不可减持)",7,65.9904,4,92,0,0,1,1,1,0,1,0.544459,-0.02025800191074456,0.5657835653345308,-0.03457566232599907,36.286208712409724,35.44721219694899,0.4525771236472309,0.8377693952558616,4,0,22,4,0.019308486753480018,5.966170163205609,10.724570389784235,13.946474858415463,3,3,"CURRENT","2026-08-28 10:00:15.000",0
"2026-08-28 10:00:15.000",42,"style","883902.TI","昨日成交前十",8,65.7981,4,106,0,1,0,1,0,1,1,1.597329,-0.1896925995270804,0.6,0.19999999999999996,7.27676884835408,8.562060693947975,0.931960040429817,3.186850908252717,37,3,0,0,0.1,24.70014022766048,56.04672168354217,75.74665474624133,2,2,"CURRENT","2026-08-28 10:00:15.000",0
"2026-08-28 10:00:15.000",42,"style","883921.TI","减持计划",9,64.875,4,90,0,1,0,1,1,0,1,0.888014,-0.05955063048946885,0.664624808575804,-0.006125574272588086,11.99699572676163,13.16270470958312,0.1154511252338768,0.7245600320466057,22,1,8,3,0.03522205206738132,11.008515524737714,18.446051783760108,22.833427369857333,2,2,"CURRENT","2026-08-28 10:00:15.000",0
"2026-08-28 10:00:15.000",42,"style","883901.TI","昨日资金前十",10,64.5577,4,106,0,1,0,1,0,1,1,1.854371,-0.1410853225043085,0.7,0.19999999999999996,5.881299597802317,6.888855723485235,0.24156911359762212,1.1511485086478572,42,0,0,0,0.1,21.03423920593807,49.244432258216605,68.91149724058994,2,2,"CURRENT","2026-08-28 10:00:15.000",0
"2026-08-28 10:30:15.000",72,"concept","886021.TI","国企改革",1,81.3907,5,94,0,1,1,1,1,0,1,0.532764,0.03550726127037329,0.6005453306066802,0.0633946830265848,23.644348760320803,25.301715907465965,0.06573408928473867,2.661170476240155,11,0,17,0,0.028629856850715747,2.593619833813267,6.332389223806436,9.690713858536887,3,4,"FALLBACK","2026-08-28 10:29:15.000",60
"2026-08-28 10:30:15.000",72,"concept","885530.TI","黄金概念",2,80.3599,5,59,1,1,0,1,1,1,0,0.567687,0.23298170377603622,0.4939759036144578,0.25301204819277107,3.7819684962167184,6.776194331155126,0.05319090601938292,4.374652879936095,115,2,3,0,0.1927710843373494,7.276287071036333,20.43745952052277,30.03893708863341,1,1,"FALLBACK","2026-08-28 10:29:15.000",60
"2026-08-28 10:30:15.000",72,"concept","885980.TI","华为鲲鹏",3,78.1594,5,91,1,1,0,1,1,0,1,1.815969,-0.12708570738590996,0.8057142857142857,-0.02857142857142858,3.186576569101863,3.1732170054883353,-0.09220564978755297,0.1231904274983382,137,-1,5,0,0.017142857142857144,11.390927296823527,22.94594478152646,31.85879748807786,3,5,"FALLBACK","2026-08-28 10:29:15.000",60
"2026-08-28 10:30:15.000",72,"concept","885494.TI","一带一路",4,76.964,5,94,0,1,1,1,1,0,1,0.49529,0.025516364452315976,0.6020278833967047,0.04562737642585546,13.561628867699731,14.343053001937314,0.008167736821780736,0.4756757149832289,27,0,9,1,0.020278833967046894,4.575248533087668,11.744083189585929,18.128840710045505,3,4,"FALLBACK","2026-08-28 10:29:15.000",60
"2026-08-28 10:30:15.000",72,"concept","885956.TI","智慧政务",5,76.6015,5,91,1,1,0,1,1,0,1,1.461735,-0.1200090605751769,0.7772727272727272,-0.022727272727272818,3.7556900012792243,4.211972092411475,-0.056144505874924366,0.013217599237262512,117,-4,3,0,0.013636363636363636,10.42051453192629,26.697306834604294,34.83098760430758,3,5,"FALLBACK","2026-08-28 10:29:15.000",60
"2026-08-28 10:30:15.000",72,"concept","886007.TI","TOPCON电池",6,76.6015,5,91,1,1,0,1,1,0,1,1.176174,0.02052777620475954,0.6463414634146342,-0.03658536585365857,2.112332476016574,2.9158461210653313,-0.008085788968379859,1.2843498854365831,175,0,3,0,0.036585365853658534,19.9991132845302,44.94491824420984,59.779259793063424,3,4,"FALLBACK","2026-08-28 10:29:15.000",60
"2026-08-28 10:30:15.000",72,"concept","886110.TI","2026中报预增",7,75.7532,4,92,0,0,1,1,1,0,1,0.661668,0.06569356935963722,0.578125,0.044921875,29.21684674121648,29.875911115171526,-0.12095313748508474,1.2760667609402532,7,0,6,2,0.025390625,2.755171165221433,7.169247918700518,11.316717330672693,3,4,"FALLBACK","2026-08-28 10:29:15.000",60
"2026-08-28 10:30:15.000",72,"concept","885903.TI","环氧丙烷",8,75.3882,6,123,1,1,0,1,1,1,1,1.73286,0.11664195263592081,0.8846153846153846,0,0.5548543047689081,0.6030603946257114,-0.00017479988889534948,0.04745867874100962,318,0,1,0,0.11538461538461539,28.087339881060437,66.33369285525639,79.78444197348787,3,5,"FALLBACK","2026-08-28 10:29:15.000",60
"2026-08-28 10:30:15.000",72,"concept","886053.TI","BC电池",9,74.8432,5,91,1,1,0,1,1,0,1,1.266204,0.06587825796255942,0.75,0,1.3747999850793866,1.898399546423279,-0.005497764835945773,0.6898551455777271,234,-2,1,0,0.038461538461538464,30.717631072611617,57.31724950880911,66.02086425231825,3,4,"FALLBACK","2026-08-28 10:29:15.000",60
"2026-08-28 10:30:15.000",72,"concept","885782.TI","水泥概念",10,74.5604,6,123,1,1,0,1,1,1,1,0.836486,0.08916614541134571,0.717391304347826,0.15217391304347827,0.369620506331425,0.4966276691902206,0.0011356359066235777,0.19257592028123044,343,0,2,0,0.08695652173913043,19.794699069976605,44.820899333578915,58.890161817213404,2,2,"FALLBACK","2026-08-28 10:29:15.000",60
"2026-08-28 10:30:15.000",72,"concept","885312.TI","物联网",11,73.9254,5,94,0,1,1,1,1,0,1,0.638012,-0.015084967425893492,0.6098081023454158,-0.05330490405117261,11.177907699246111,11.532339492929083,-0.13269497325683055,1.2055125074062367,36,0,6,0,0.008528784648187633,5.744847571994825,14.918171262180433,22.167872142218847,3,5,"FALLBACK","2026-08-28 10:29:15.000",60
"2026-08-28 10:30:15.000",72,"concept","885710.TI","锂电池概念",12,73.6787,4,92,0,0,1,1,1,0,1,0.339217,0.06774352385503501,0.5641447368421053,0.03125,15.646977179269994,15.855066645756551,-0.1736410474514649,2.1820117100625414,21,0,5,2,0.01644736842105263,3.94151008328688,10.601634550117884,15.175298495883634,3,4,"FALLBACK","2026-08-28 10:29:15.000",60
"2026-08-28 10:30:15.000",72,"concept","885611.TI","阿里巴巴概念",13,73.5116,5,87,1,1,1,0,1,0,1,1.20604,-0.06543284569778818,0.6925287356321839,-0.04022988505747127,11.364206678612545,10.934391717689545,-0.05879854117859118,-0.20135624434276167,35,0,5,0,0.008620689655172414,6.28560585428965,16.358635225848392,23.65908489737891,3,5,"FALLBACK","2026-08-28 10:29:15.000",60
"2026-08-28 10:30:15.000",72,"concept","886102.TI","中国AI50",14,73.3779,5,91,1,1,0,1,1,0,1,1.576791,-0.13933671505665934,0.7,-0.06000000000000005,7.227108247860755,6.9330191462296025,-0.0723544596933765,0.8204708821364823,64,0,1,0,0,17.054009373722295,34.91011834894929,46.365869100736276,3,5,"FALLBACK","2026-08-28 10:29:15.000",60
"2026-08-28 10:30:15.000",72,"concept","885844.TI","国产操作系统",15,73.3239,5,91,1,1,0,1,1,0,1,1.702529,-0.06893131838181521,0.7014925373134329,-0.08955223880597007,2.802164218500339,2.9781523198212425,-0.016999945624455837,0.9416334676095137,148,3,3,0,0,13.92927295460221,40.597801212196686,61.47054046276288,3,5,"FALLBACK","2026-08-28 10:29:15.000",60
"2026-08-28 10:30:15.000",72,"concept","886058.TI","华为昇腾",16,73.1388,5,91,1,1,0,1,1,0,1,1.327827,-0.12396531416545287,0.7238095238095238,-0.08571428571428574,1.8884423628978413,2.5509855936731265,0.014114655829763567,0.5839410885754679,191,3,1,0,0.009523809523809525,24.075605366749926,35.162463656340734,43.24990044082343,3,5,"FALLBACK","2026-08-28 10:29:15.000",60
"2026-08-28 10:30:15.000",72,"concept","885843.TI","华为海思概念股",17,72.5681,5,91,1,1,0,1,1,0,1,1.208051,0.000048465462310076646,0.6274509803921569,-0.05882352941176472,2.2595639804354355,2.8645942395124275,0.03284254104279194,0.5046692254415284,168,2,1,0,0.0196078431372549,21.439868028217486,39.9189155249529,52.861786833069026,3,4,"FALLBACK","2026-08-28 10:29:15.000",60
"2026-08-28 10:30:15.000",72,"concept","885982.TI","华为欧拉",18,72.4447,5,91,1,1,0,1,1,0,1,2.151281,-0.14689638680436268,0.7446808510638298,-0.14893617021276595,0.9049262745166212,1.1020210634691725,-0.027190587453905235,0.2982868182698115,270,-3,1,0,0.02127659574468085,18.797051918413473,36.11718844392981,45.79837962411915,3,5,"FALLBACK","2026-08-28 10:29:15.000",60
"2026-08-28 10:30:15.000",72,"concept","886039.TI","ERP概念",19,71.9126,5,91,1,1,0,1,1,0,1,2.388118,-0.223325982501843,0.7714285714285715,-0.02857142857142858,0.73455302308325,0.6280470754551696,0.011594993909539442,-0.05508810491143257,296,4,1,0,0.02857142857142857,11.75488399076223,34.52627738704731,52.830775460594026,3,5,"FALLBACK","2026-08-28 10:29:15.000",60
"2026-08-28 10:30:15.000",72,"concept","885520.TI","沪股通",20,71.7275,4,92,0,0,1,1,1,0,1,0.484991,0.020297986179751426,0.5556908094948265,0.03712720632988431,40.680511939308076,40.57539293406178,0.11480532617205341,-0.2191682198783056,4,0,20,1,0.018259281801582473,1.632800762842584,4.7902794216628655,7.585386516979751,3,4,"FALLBACK","2026-08-28 10:29:15.000",60
"2026-08-28 10:30:15.000",72,"industry","884141.TI","饰品",1,86.7561,6,123,1,1,0,1,1,1,1,2.511889,0.17046376341343095,0.8666666666666667,0.06666666666666665,0.2208764356811909,0.7717272126660448,0.007670396283919995,0.6514797312651345,158,5,2,0,0.3333333333333333,56.873615024425725,86.46923330433226,93.09839062424862,2,4,"FALLBACK","2026-08-28 10:29:15.000",60
"2026-08-28 10:30:15.000",72,"industry","881168.TI","工业金属",2,86.3636,6,111,1,1,1,1,0,1,1,0.105485,0.17330303765634714,0.509090909090909,0.21818181818181814,1.9771178804932759,3.5021665783595863,0.06037031600299336,2.0493788409503706,20,0,0,0,0.07272727272727272,7.693089602392568,19.876912403719952,31.458064036683393,2,3,"FALLBACK","2026-08-28 10:29:15.000",60
"2026-08-28 10:30:15.000",72,"industry","884262.TI","通信网络设备及器件",3,85.9749,6,95,1,1,1,1,1,0,1,1.787402,0.008315986156604005,0.7,0.02499999999999991,5.464125947120991,4.496574724193874,0.06333035217904381,-1.291531199365168,5,0,2,0,0,26.294631082594222,51.90410137682726,63.43063752179019,3,5,"FALLBACK","2026-08-28 10:29:15.000",60
"2026-08-28 10:30:15.000",72,"industry","881279.TI","光伏设备",4,83.9028,6,126,0,1,1,1,1,1,1,1.036201,0.02583422568149807,0.6805555555555556,0,1.3628374300349193,2.0379302326482605,0.003982006070681665,0.823265270308434,32,0,1,0,0.08333333333333333,28.614491291816652,51.90656760753028,66.47459724499821,3,4,"FALLBACK","2026-08-28 10:29:15.000",60
"2026-08-28 10:30:15.000",72,"industry","881169.TI","贵金属",5,81.9768,5,47,1,1,1,1,0,1,0,0.138077,0.42433349779744667,0.42857142857142855,0.3571428571428571,1.7780798852425332,2.9914719853426885,0.002775977566688015,1.7467366053162154,23,0,0,0,0.35714285714285715,16.48203140266598,42.84260097454724,63.098657478365226,1,2,"FALLBACK","2026-08-28 10:29:15.000",60
"2026-08-28 10:30:15.000",72,"industry","881271.TI","IT服务",6,78.5078,5,87,1,1,1,0,1,0,1,1.585659,-0.13809652946572548,0.7596899224806202,-0.06976744186046513,2.452315072441263,2.5969845291274622,-0.02857223699735245,0.051197998975477166,12,0,3,0,0,15.973717247021696,37.26251672668584,47.88983175458858,3,5,"FALLBACK","2026-08-28 10:29:15.000",60
"2026-08-28 10:30:15.000",72,"industry","881153.TI","房地产",7,78.0815,5,91,1,1,0,1,1,0,1,1.343597,0.020407997144045176,0.7613636363636364,0.10227272727272729,0.5881717749369934,0.6832599073934478,0.03745459276759133,0.06397284108740708,80,3,2,0,0.011363636363636364,13.427516579266516,30.224009515930568,41.02845848658446,2,3,"FALLBACK","2026-08-28 10:29:15.000",60
"2026-08-28 10:30:15.000",72,"industry","884059.TI","玻璃玻纤",8,77.7962,5,91,1,1,0,1,1,0,1,1.923669,0.04736045196855887,0.9166666666666666,0.16666666666666663,0.9528777517220449,1.1352182676654883,-0.01775391502286361,0.3450727904658063,52,-1,1,0,0,57.806532960452095,92.29893028771436,97.17286267950502,3,4,"FALLBACK","2026-08-28 10:29:15.000",60
"2026-08-28 10:30:15.000",72,"industry","881136.TI","服装家纺",9,77.6006,5,59,1,1,0,1,1,1,0,1.331956,0.047588297955014625,0.7333333333333333,0.026666666666666616,0.5112910425501089,1.0515582659964466,0.010313385757481974,0.6476949935595748,89,0,2,0,0.06666666666666667,41.73892956416555,63.458833007307426,69.46427724569833,1,2,"FALLBACK","2026-08-28 10:29:15.000",60
"2026-08-28 10:30:15.000",72,"industry","884052.TI","普钢",10,77.3887,6,123,1,1,0,1,1,1,1,1.337238,0.032646208376085895,0.6818181818181818,0.045454545454545414,0.15373258486563424,0.21529500866679804,0.009565919607413959,0.09242865931285903,192,4,1,0,0.09090909090909091,29.897000246116086,63.845162060142215,76.22097315978222,2,2,"FALLBACK","2026-08-28 10:29:15.000",60
"2026-08-28 10:30:15.000",72,"industry","884160.TI","百货零售",11,76.069,5,91,1,1,0,1,1,0,1,1.352317,0.020876023540084,0.8780487804878049,0.12195121951219512,0.2656673525419158,0.18436462535318668,0.018581908830331145,-0.38684913730481896,134,12,1,0,0.024390243902439025,18.07706759069845,40.213988192042216,51.73049231057123,2,3,"FALLBACK","2026-08-28 10:29:15.000",60
"2026-08-28 10:30:15.000",72,"industry","884098.TI","消费电子零部件及组装",12,75.7367,5,94,0,1,1,1,1,0,1,0.565984,0.0023786647990409193,0.611764705882353,-0.04705882352941171,2.7598190642702596,3.461535795502265,-0.0051851411222467725,0.9844179773573951,9,1,1,0,0.011764705882352941,19.139346362229556,39.57615071169596,55.437215332707446,3,4,"FALLBACK","2026-08-28 10:29:15.000",60
"2026-08-28 10:30:15.000",72,"industry","881124.TI","消费电子",13,75.6614,5,94,0,1,1,1,1,0,1,0.567655,0.004193099736227168,0.6041666666666666,-0.05208333333333337,2.9059253203926714,3.585023079668032,-0.006517342869464482,0.9907862050453811,8,0,1,0,0.010416666666666666,18.480085361544862,38.212937348624685,53.527662448104316,3,4,"FALLBACK","2026-08-28 10:29:15.000",60
"2026-08-28 10:30:15.000",72,"industry","884181.TI","航空装备",14,75.0157,5,107,1,1,0,1,0,1,1,1.148893,0.14378212363002074,0.72,0.039999999999999925,0.7325109571025977,1.506598294918777,0.00826677328435732,0.831376081932679,64,2,0,1,0.08,19.842622531364142,41.54913311205756,54.08651103703712,2,3,"FALLBACK","2026-08-28 10:29:15.000",60
"2026-08-28 10:30:15.000",72,"industry","881101.TI","种植业与林业",15,74.8746,5,91,1,1,0,1,1,0,1,1.955597,0.07580345613662498,0.6666666666666666,0.16666666666666663,0.7320266938318533,0.7702956945822833,-0.01047547464512022,0.12132502122233091,65,-3,4,0,0,26.127174029895954,45.47399267107398,59.25828407874454,2,3,"FALLBACK","2026-08-28 10:29:15.000",60
"2026-08-28 10:30:15.000",72,"style","883436.TI","周期",1,82.1154,5,94,0,1,1,1,1,0,1,0.67036,0.0633611173215698,0.6297348484848485,0.042613636363636354,20.574215967300923,21.998043517952745,-0.16104589180091722,3.680988126447499,11,0,13,2,0.028409090909090908,2.983130393098686,7.783408072541461,11.378697597544788,3,5,"FALLBACK","2026-08-28 10:29:15.000",60
"2026-08-28 10:30:15.000",72,"style","883985.TI","深市新主板",2,74.0096,4,86,0,1,1,0,1,0,1,0.575972,0.039833951930123845,0.6,0.043624161073825496,26.75132743815791,27.604226525940028,-0.10075537978656257,1.2284837330533769,7,0,24,5,0.02214765100671141,2.2248956112508576,5.978164428422998,9.070966644054225,3,5,"FALLBACK","2026-08-28 10:29:15.000",60
"2026-08-28 10:30:15.000",72,"style","883420.TI","减持新规(不可减持)",3,71.125,4,92,0,0,1,1,1,0,1,0.566152,0.010692726069860825,0.593623709025595,0.029636281993713598,36.2905371211838,37.893929100681426,0.03981336891281728,0.7234738954392341,4,0,26,5,0.02020655590480467,3.1201771976152664,7.106106580438983,10.13048335274387,3,5,"FALLBACK","2026-08-28 10:29:15.000",60
"2026-08-28 10:30:15.000",72,"style","883958.TI","昨日连板",4,69.3365,5,91,1,1,0,1,1,0,1,5.537011,0.024693652823093437,0.75,-0.0625,1.3029828136582753,0.8337750444529903,-0.08479217833588959,0.1933024193689422,71,-3,8,3,0,39.001587152229774,81.7916802590261,91.79602288799965,3,4,"FALLBACK","2026-08-28 10:29:15.000",60
"2026-08-28 10:30:15.000",72,"style","883988.TI","昨日非ST连板",5,69.2212,5,91,1,1,0,1,1,0,1,5.537008,0.048838974890741405,0.75,-0.0625,1.3029828136582753,0.8337750444529903,-0.08479217833588959,0.1933024193689422,72,-3,8,3,0,39.001587152229774,81.7916802590261,91.79602288799965,3,4,"FALLBACK","2026-08-28 10:29:15.000",60
"2026-08-28 10:30:15.000",72,"style","883935.TI","业绩预亏",6,68.5481,4,90,0,1,0,1,1,0,1,0.908489,0.01454090575900846,0.7037037037037037,0.03439153439153442,7.02157991338235,7.198227723021429,0.002584965793202443,-0.023792800412270054,34,4,14,3,0.02513227513227513,8.101207566543382,14.658314378483036,19.107019270266598,3,3,"FALLBACK","2026-08-28 10:29:15.000",60
"2026-08-28 10:30:15.000",72,"style","883996.TI","昨日打二板以上表现",7,67.4327,5,91,1,1,0,1,1,0,1,8.047533,0.0854007698529724,0.875,-0.125,0.4880347614846403,0.3283072131146053,-0.03440904684218793,0.11048116365003896,88,-1,6,1,0,82.46513414322959,96.61414565694356,98.66691643765758,3,4,"FALLBACK","2026-08-28 10:29:15.000",60
"2026-08-28 10:30:15.000",72,"style","883433.TI","先进制造",8,66.8846,4,92,0,0,1,1,1,0,1,0.243013,0.035285404477147786,0.5255562236921226,-0.008418520745640423,23.515988327328756,24.05793389113147,0.05619748100361477,-0.14992017323562834,9,0,11,2,0.012627781118460614,2.423912924498478,5.8195875507492225,8.683185436335592,3,4,"FALLBACK","2026-08-28 10:29:15.000",60
"2026-08-28 10:30:15.000",72,"style","883434.TI","消费",9,66.7788,4,90,0,1,0,1,1,0,1,0.69083,0.01845572211274238,0.6500566251415628,0.021517553793884425,8.083210918593888,8.262981934392009,0.061232068335089096,-0.34612759679794713,33,0,13,1,0.01925254813137033,7.432731057284771,17.099376119340214,22.122891063110124,2,3,"FALLBACK","2026-08-28 10:29:15.000",60
"2026-08-28 10:30:15.000",72,"style","883995.TI","昨日打首板以上表现",10,66.7115,5,91,1,1,0,1,1,0,1,4.248107,0.06733256016473455,0.6363636363636364,-0.09090909090909094,1.1865295584115976,0.8228263682679466,-0.07253067913723421,0.21623670202663736,75,-2,4,2,0,39.52054931107673,82.88001512081689,93.01747733870134,3,4,"FALLBACK","2026-08-28 10:29:15.000",60
"2026-08-28 11:00:15.000",102,"concept","886063.TI","PEEK材料",1,80.6324,6,123,1,1,0,1,1,1,1,1.664886,-0.20037673483530583,0.6666666666666666,0,1.3174814444128322,1.476406972692097,0.005663356972903211,0.3573002373349552,243,0,2,0,0.09259259259259259,29.085001766663797,43.41926141227261,52.063298262626326,3,5,"CURRENT","2026-08-28 11:00:15.000",0
"2026-08-28 11:00:15.000",102,"concept","885430.TI","天然气",2,77.2571,5,91,1,1,0,1,1,0,1,0.730485,0.009670909296599639,0.6727272727272727,0,1.7448617714092767,2.57476476720292,0.024946680433517887,0.7843188898995743,198,6,1,0,0.048484848484848485,15.227872354675782,26.193382127876923,35.408502719420525,3,4,"CURRENT","2026-08-28 11:00:15.000",0
"2026-08-28 11:00:15.000",102,"concept","885812.TI","农业种植",3,76.5244,5,91,1,1,0,1,1,0,1,1.498155,0.014686163842680955,0.6739130434782609,-0.021739130434782594,1.3068192509177492,1.406314879920531,0.03965112236554136,-0.42959712228769575,244,1,5,0,0.010869565217391304,16.336490961393725,36.0210744056855,46.67680992189644,3,5,"CURRENT","2026-08-28 11:00:15.000",0
"2026-08-28 11:00:15.000",102,"concept","885372.TI","页岩气",4,76.0566,6,123,1,1,0,1,1,1,1,0.677149,0.030089043730519016,0.6274509803921569,0.019607843137254943,0.7610809754395109,1.178597978692385,-0.0067986191920546,0.5591743786947897,290,-2,1,0,0.058823529411764705,33.26680507443491,54.42747078548859,70.81858337951293,2,3,"CURRENT","2026-08-28 11:00:15.000",0
"2026-08-28 11:00:15.000",102,"concept","885522.TI","养老概念",5,75.3985,5,91,1,1,0,1,1,0,1,0.867696,-0.0280164407289063,0.6636771300448431,0.022421524663677195,2.2674374401380426,2.602498917959145,0.0017572093563669178,-0.30128116524318393,170,0,7,0,0.02242152466367713,12.959444712428834,26.26888509395774,37.066174385953666,3,4,"CURRENT","2026-08-28 11:00:15.000",0
"2026-08-28 11:00:15.000",102,"concept","885398.TI","煤化工概念",6,75.0699,5,91,1,1,0,1,1,0,1,1.005837,0.024371120020694192,0.6964285714285714,0,2.0703968349292086,2.132791683575767,0.003868561476618737,-0.16438082335425497,179,1,2,0,0.044642857142857144,12.746390548976603,26.99673083153628,36.12794888724533,2,4,"CURRENT","2026-08-28 11:00:15.000",0
"2026-08-28 11:00:15.000",102,"concept","885915.TI","物业管理",7,75.0129,5,91,1,1,0,1,1,0,1,0.948158,-0.0149267402374198,0.6923076923076923,-0.016483516483516536,1.5269994710711035,1.8035400387169092,0.013728920208994966,0.21082028060712554,218,5,4,0,0.005494505494505495,18.700411478217983,37.90586489094791,50.777057465036215,3,4,"CURRENT","2026-08-28 11:00:15.000",0
"2026-08-28 11:00:15.000",102,"concept","886021.TI","国企改革",8,74.1645,4,92,0,0,1,1,1,0,1,0.541809,-0.03597440718355882,0.5991820040899796,0.010224948875255602,24.021905549098367,30.419027100252748,0.1416631571186393,2.941227917772043,11,0,20,0,0.016359918200409,19.092415017708035,21.854436884236485,24.44588408111175,3,5,"CURRENT","2026-08-28 11:00:15.000",0
"2026-08-28 11:00:15.000",102,"concept","885758.TI","租售同权",9,73.6787,5,91,1,1,0,1,1,0,1,1.624171,0.03262224177111861,0.7241379310344828,0,0.2568134143366012,0.8379658201519917,0.010713228459621388,0.4049515814641673,359,0,1,0,0.034482758620689655,40.248587747087285,81.58416893497876,89.65634489940103,3,4,"CURRENT","2026-08-28 11:00:15.000",0
"2026-08-28 11:00:15.000",102,"concept","885931.TI","PVDF概念",10,73.5039,5,59,1,1,0,1,1,1,0,0.986286,-0.17697148839559418,0.5882352941176471,0.11764705882352944,0.700634165178794,1.925804437939787,0.01896842375666674,1.5783577481907822,303,3,1,0,0.058823529411764705,89.18956078546219,93.661061408346,96.2859648253482,1,1,"CURRENT","2026-08-28 11:00:15.000",0
"2026-08-28 11:00:15.000",102,"concept","885995.TI","粮食概念",11,72.2442,5,91,1,1,0,1,1,0,1,2.106756,0.0014209420627242508,0.8163265306122449,0.020408163265306145,1.1004545569809268,1.202386408727991,0.0324869737511122,-0.6196390923177812,255,5,4,0,0,28.629584881072123,45.39172214515521,56.166513435907675,3,5,"CURRENT","2026-08-28 11:00:15.000",0
"2026-08-28 11:00:15.000",102,"concept","886072.TI","高股息精选",12,71.6864,4,89,1,0,0,1,1,0,1,0.286589,0.013606758023154697,0.5754385964912281,0.04210526315789476,3.7535065025532157,4.066282221025269,0.028898158828464027,0.5024253876790739,119,0,2,0,0.021052631578947368,7.360498395173304,15.960277723699404,21.714096495512486,2,3,"CURRENT","2026-08-28 11:00:15.000",0
"2026-08-28 11:00:15.000",102,"concept","885494.TI","一带一路",13,71.2031,4,92,0,0,1,1,1,0,1,0.361655,-0.07559018490522762,0.5564005069708492,-0.011406844106463865,13.721841005350871,18.56575263167737,0.07277951604795874,4.078341610963445,26,0,11,0,0.012674271229404309,31.281936227137052,37.74426329297399,41.30830217537392,3,5,"CURRENT","2026-08-28 11:00:15.000",0
"2026-08-28 11:00:15.000",102,"concept","885888.TI","C2M概念",14,70.9717,5,91,1,1,0,1,1,0,1,1.601734,-0.0836942779516181,0.6153846153846154,0.07692307692307698,0.5091178028048379,0.4034507696604085,-0.0032810473735471746,0.05394659920975631,328,-2,2,1,0.02564102564102564,25.838483393435514,49.022568146792885,61.94868870755372,3,5,"CURRENT","2026-08-28 11:00:15.000",0
"2026-08-28 11:00:15.000",102,"concept","885520.TI","沪股通",15,70.9023,4,92,0,0,1,1,1,0,1,0.233079,-0.10791300448278474,0.5185636031649422,0.008520998174071814,40.88719196755232,44.33051580592426,0.12110433596216552,3.4711566394646454,4,0,19,3,0.010955569080949483,13.10096847001541,15.839519644713103,17.73478335825175,3,5,"CURRENT","2026-08-28 11:00:15.000",0
"2026-08-28 11:00:15.000",102,"concept","885705.TI","乡村振兴",16,70.0257,4,90,0,1,0,1,1,0,1,0.744966,-0.034904663316170925,0.6451612903225806,0.004608294930875556,6.308844792329362,11.281121498278162,0.045525827095754146,3.45384919176475,74,5,8,1,0.009216589861751152,51.48182207962007,57.950832636776425,61.7858711332038,2,2,"CURRENT","2026-08-28 11:00:15.000",0
"2026-08-28 11:00:15.000",102,"concept","885988.TI","统一大市场",17,69.7301,5,91,1,1,0,1,1,0,1,0.871921,-0.0056145120914119495,0.7583333333333333,0.033333333333333326,0.7712083109932901,0.8806172136930515,0.0041402097683275185,-0.032854880121664154,286,4,1,0,0.016666666666666666,8.207704438497185,22.997527319398124,33.11119141814312,3,3,"CURRENT","2026-08-28 11:00:15.000",0
"2026-08-28 11:00:15.000",102,"concept","885811.TI","玉米",18,69.2288,5,91,1,1,0,1,1,0,1,1.859626,-0.0011377729232764366,0.7941176470588235,0,0.7516806756698938,0.6694537312351584,0.0263498976072305,-0.6196839859644397,292,4,2,0,0,17.63755004383688,41.28921985372362,56.92109231235087,3,4,"CURRENT","2026-08-28 11:00:15.000",0
"2026-08-28 11:00:15.000",102,"concept","885338.TI","融资融券",19,69.09,4,92,0,0,1,1,1,0,1,0.127763,-0.10578997993696548,0.4866476536168006,0.0015556131708581722,88.37752309263698,83.23371923219479,0.09598163262350567,-5.0055598044226315,1,0,27,6,0.009592947886958776,2.0636065955359366,4.514527415795368,6.0949918184756795,3,5,"CURRENT","2026-08-28 11:00:15.000",0
"2026-08-28 11:00:15.000",102,"concept","885413.TI","创投",20,69.0746,4,92,0,0,1,1,1,0,1,0.358662,-0.08972283899809641,0.5223880597014925,-0.014925373134328401,11.981818933059788,17.241788585392467,0.011123354231035165,5.322544758028405,33,0,6,0,0.006396588486140725,33.68401642071947,50.52724680639794,56.92934230679037,3,5,"CURRENT","2026-08-28 11:00:15.000",0
"2026-08-28 11:00:15.000",102,"industry","881137.TI","造纸",1,83.0251,5,91,1,1,0,1,1,0,1,1.414775,-0.11517520263782943,0.7916666666666666,0.04166666666666663,0.1473448879806433,5.903514711004044,0.03243900222261498,5.7446496195098185,197,19,1,0,0.041666666666666664,98.37744432996563,98.98212874701338,99.34519077612262,3,5,"CURRENT","2026-08-28 11:00:15.000",0
"2026-08-28 11:00:15.000",102,"industry","884039.TI","聚氨酯",2,81.5893,6,123,1,1,0,1,1,1,1,2.350062,-0.015867834812821613,1,0,0.20272317231081716,0.15625787682466877,0.0011640772775205477,0.06078365290041514,165,-1,1,0,0.125,84.52318748410336,95.13334404626667,98.82276689489066,3,5,"CURRENT","2026-08-28 11:00:15.000",0
"2026-08-28 11:00:15.000",102,"industry","881153.TI","房地产",3,81.4734,5,91,1,1,0,1,1,0,1,1.486929,0.03611919566848254,0.75,0,0.609425035092961,1.2287259233722572,0.015597779202786932,0.38537429199577566,80,0,2,0,0.022727272727272728,27.448709431378553,55.63872604346951,61.26385286396252,3,4,"CURRENT","2026-08-28 11:00:15.000",0
"2026-08-28 11:00:15.000",102,"industry","881109.TI","化学制品",4,81.2476,5,94,0,1,1,1,1,0,1,1.026876,-0.1244054444448639,0.7142857142857143,0.016483516483516536,2.2661651175267004,3.2326427479495043,0.01960911591514236,1.448066482392627,15,0,5,0,0.01098901098901099,53.13350882571033,60.35986983685804,63.94198514152089,3,5,"CURRENT","2026-08-28 11:00:15.000",0
"2026-08-28 11:00:15.000",102,"industry","884036.TI","氟化工",5,79.8934,5,91,1,1,0,1,1,0,1,2.992863,-0.20881522964016908,0.9,0.09999999999999998,0.6773104351431058,1.9755710639819675,0.028748298625011492,1.6731900720379083,70,5,2,0,0,86.94278586584484,94.90665798942733,97.49366561066522,3,5,"CURRENT","2026-08-28 11:00:15.000",0
"2026-08-28 11:00:15.000",102,"industry","881180.TI","石油加工贸易",6,79.2445,5,91,1,1,0,1,1,0,1,1.74804,0.005413955381383673,0.9259259259259259,0,0.2860692363105699,0.3550050139331076,0.0032337942916532136,0.12505021366753247,129,1,1,0,0.037037037037037035,25.64464004455571,48.01579443356852,58.37832078387982,3,5,"CURRENT","2026-08-28 11:00:15.000",0
"2026-08-28 11:00:15.000",102,"industry","881272.TI","软件开发",7,76.6552,5,87,1,1,1,0,1,0,1,1.61235,-0.10856746207374979,0.7753623188405797,-0.036231884057971064,2.813812019198546,2.078251264570468,-0.05997314549367028,-0.3943610518771612,8,0,5,0,0.007246376811594203,8.070677145105133,21.043070034962025,31.166003310131558,3,5,"CURRENT","2026-08-28 11:00:15.000",0
"2026-08-28 11:00:15.000",102,"industry","884001.TI","种子生产",8,76.5361,5,91,1,1,0,1,1,0,1,4.254598,-0.04185682761963516,1,0,0.3815832886427969,0.34605704707620044,0.026018649831223706,-0.2912760445398259,111,3,2,0,0,34.1201654075649,74.04378146793881,87.34036750002433,3,4,"CURRENT","2026-08-28 11:00:15.000",0
"2026-08-28 11:00:15.000",102,"industry","881101.TI","种植业与林业",9,76.348,5,91,1,1,0,1,1,0,1,2.341668,0.01745759874745012,0.7333333333333333,0,0.7720067700902197,0.7408161525825524,0.03281227297379963,-0.3268532499234055,64,1,4,0,0,21.42933690188726,48.63523131618403,63.027991279981585,3,4,"CURRENT","2026-08-28 11:00:15.000",0
"2026-08-28 11:00:15.000",102,"industry","884281.TI","煤化工",10,75.2759,5,107,1,1,0,1,0,1,1,2.342201,0.13362609401694758,1,0,0.19780174124836214,0.3945558909694568,0.004532113833004697,-0.3012817589909153,166,1,0,0,0.2857142857142857,68.90125424732416,89.4962627795522,97.6902529996778,3,4,"CURRENT","2026-08-28 11:00:15.000",0
"2026-08-28 11:00:15.000",102,"industry","881158.TI","零售",11,74.6458,5,91,1,1,0,1,1,0,1,1.416974,-0.022960115680803472,0.8450704225352113,0.028169014084507005,0.4891563743626966,0.41198083240583233,0.010021680298726243,-0.055563568206938085,93,3,2,0,0,10.675257801729208,28.02521383493632,39.67920319449518,3,4,"CURRENT","2026-08-28 11:00:15.000",0
"2026-08-28 11:00:15.000",102,"industry","884059.TI","玻璃玻纤",12,74.3636,5,91,1,1,0,1,1,0,1,1.466293,-0.19154684615205753,0.9166666666666666,0.08333333333333326,0.9253946651235273,0.7503899280259962,-0.0009965036676424788,0.046504952937371224,52,0,1,0,0,57.225314207011515,89.47295928270086,95.9181970597115,3,5,"CURRENT","2026-08-28 11:00:15.000",0
"2026-08-28 11:00:15.000",102,"industry","884018.TI","油服工程",13,74.3166,5,107,1,1,0,1,0,1,1,1.677493,0.15631416986632285,0.9090909090909091,0,0.10136913240719606,0.23574327106203158,0.0020628656647133925,0.1469456201408867,226,0,0,0,0.09090909090909091,52.867597061774894,79.96093478141675,90.0560279815857,3,4,"CURRENT","2026-08-28 11:00:15.000",0
"2026-08-28 11:00:15.000",102,"industry","884026.TI","氮肥",14,72.5486,5,107,1,1,0,1,0,1,1,3.172206,0.4868739217031681,1,0,0.1043947929246796,0.2071278793142217,0.0028439025471107687,0.023018123592668888,224,1,0,0,0.2,50.07056591388578,88.45758271945112,100,3,5,"CURRENT","2026-08-28 11:00:15.000",0
"2026-08-28 11:00:15.000",102,"industry","884020.TI","石油加工",15,71.9561,5,91,1,1,0,1,1,0,1,1.748162,0.0006326761410102577,0.9090909090909091,0,0.267636628681838,0.265599836409284,0.0031081411292191996,0.04983133073151613,136,0,1,0,0,34.277038417666745,49.752042886756485,61.56814017783883,3,5,"CURRENT","2026-08-28 11:00:15.000",0
"2026-08-28 11:00:15.000",102,"style","883436.TI","周期",1,79.3462,5,94,0,1,1,1,1,0,1,0.672513,-0.09216702373758823,0.6278409090909091,0.0018939393939393367,21.006202408772044,25.71282507460422,-0.030385873678994813,4.274313830307225,11,0,15,2,0.016098484848484848,22.586887599781676,30.9369211244784,33.1731578357612,3,5,"CURRENT","2026-08-28 11:00:15.000",0
"2026-08-28 11:00:15.000",102,"style","883986.TI","昨日非ST涨停表现",2,79.2308,5,91,1,1,0,1,1,0,1,3.146546,-0.17318706951297003,0.6363636363636364,-0.06493506493506496,7.585043307029399,10.07339739196088,-0.20819580526948123,4.443312975124155,33,0,17,5,0.012987012987012988,57.65410290439069,64.46444868723925,69.05893781599832,3,5,"CURRENT","2026-08-28 11:00:15.000",0
"2026-08-28 11:00:15.000",102,"style","883900.TI","昨日涨停表现",3,79,5,91,1,1,0,1,1,0,1,3.084683,-0.17345387096234788,0.6282051282051282,-0.0641025641025641,7.592119632071522,10.074152278604833,-0.20865920955465533,4.44215934014678,32,0,17,5,0.01282051282051282,57.64978270840317,64.45961817148188,69.05376302129984,3,5,"CURRENT","2026-08-28 11:00:15.000",0
"2026-08-28 11:00:15.000",102,"style","883930.TI","破净股",4,76.0577,5,91,1,1,0,1,1,0,1,0.673622,0.00479989595063568,0.6480582524271845,0.016990291262135915,3.339246706724286,4.044995171923823,0.04213654040892845,0.28461881116802035,57,0,5,0,0.014563106796116505,8.33794341104409,18.103064563551648,25.61966070385856,3,4,"CURRENT","2026-08-28 11:00:15.000",0
"2026-08-28 11:00:15.000",102,"style","883996.TI","昨日打二板以上表现",5,75.1635,5,91,1,1,0,1,1,0,1,7.423053,-0.2969659035477634,0.875,0,0.45612344552724526,6.005467681078758,0.006093238193487616,5.880478765386794,88,0,6,1,0,96.70732084076582,99.8866513782563,99.98639760718973,3,5,"CURRENT","2026-08-28 11:00:15.000",0
"2026-08-28 11:00:15.000",102,"style","883998.TI","昨日非ST三板表现",6,74.6731,5,91,1,1,0,1,1,0,1,8.262504,-0.4706484468998906,1,0,0.2688289879908347,5.882567287561729,0.01300399594550744,5.827268685092103,93,0,4,1,0,98.72775974206635,99.98865588811105,100,3,5,"CURRENT","2026-08-28 11:00:15.000",0
"2026-08-28 11:00:15.000",102,"style","883958.TI","昨日连板",7,74.3269,5,91,1,1,0,1,1,0,1,4.886158,-0.19347222801515684,0.75,0,1.173519428544556,6.347368040800351,-0.03110187231452355,5.73113129552981,73,0,8,3,0,91.49819044677653,96.27343208083849,98.3484714529429,3,5,"CURRENT","2026-08-28 11:00:15.000",0
"2026-08-28 11:00:15.000",102,"style","883988.TI","昨日非ST连板",8,74.2115,5,91,1,1,0,1,1,0,1,4.886156,-0.19347827391745787,0.75,0,1.173519428544556,6.347368040800351,-0.03110187231452355,5.73113129552981,74,0,8,3,0,91.49819044677653,96.27343208083849,98.3484714529429,3,5,"CURRENT","2026-08-28 11:00:15.000",0
"2026-08-28 11:00:15.000",102,"style","883423.TI","沪深主板昨日涨停",9,73.5481,5,91,1,1,0,1,1,0,1,2.810026,-0.16441904696333776,0.6029411764705882,-0.07352941176470595,6.514686551018569,9.248487150894313,-0.17578587639063237,4.501434834027793,36,0,17,5,0,62.79650718623463,70.00441394195181,74.16586725436184,3,5,"CURRENT","2026-08-28 11:00:15.000",0
"2026-08-28 11:00:15.000",102,"style","883415.TI","低市净率",10,71.9904,5,91,1,1,0,1,1,0,1,0.678547,0.004990737020005298,0.645,0.0050000000000000044,1.8115346324776331,2.207969538839414,0.028147353003795894,0.024068497093421737,65,0,4,0,0.005,15.275093359836594,30.962721102100453,39.405591947824036,3,3,"CURRENT","2026-08-28 11:00:15.000",0
"2026-08-28 13:30:15.000",163,"concept","885398.TI","煤化工概念",1,80.1928,5,91,1,1,0,1,1,0,1,1.563057,0.015473586186476318,0.8035714285714286,0.017857142857142905,2.2469199464806207,3.7017246801721657,0.04439115117403736,-1.1665176910735782,171,2,4,0,0.044642857142857144,17.67262741633217,42.78854237346674,49.540911524962226,2,2,"CURRENT","2026-08-28 13:30:15.000",0
"2026-08-28 13:30:15.000",163,"concept","885705.TI","乡村振兴",2,80.162,5,91,1,1,0,1,1,0,1,1.075933,0.00901060070672699,0.684331797235023,-0.00691244239631339,6.539230614217543,7.671798455211366,0.03935093727393646,-0.25294318213194167,73,0,9,2,0.02304147465437788,7.977941930127011,20.338502465850645,28.758505747076622,2,2,"CURRENT","2026-08-28 13:30:15.000",0
"2026-08-28 13:30:15.000",163,"concept","886021.TI","国企改革",3,78.8432,5,94,0,1,1,1,1,0,1,0.712179,0.011953346583393198,0.6482617586912065,0.004089979550102263,24.64693887251649,27.229224078244833,0.12245700921041092,-0.8403328834151367,9,0,23,1,0.00954328561690525,2.4025363661681283,5.652107958593246,8.58061919119323,2,2,"CURRENT","2026-08-28 13:30:15.000",0
"2026-08-28 13:30:15.000",163,"concept","885967.TI","化肥",4,78.1877,5,91,1,1,0,1,1,0,1,2.14772,0.05893898218476412,0.8783783783783784,-0.027027027027026973,1.5458359528074246,2.2742934038162703,0.029600654044686925,-0.8620770027171991,219,5,3,0,0.02702702702702703,26.911726724710178,39.340255485809735,48.99535902290202,2,2,"CURRENT","2026-08-28 13:30:15.000",0
"2026-08-28 13:30:15.000",163,"concept","885494.TI","一带一路",5,77.455,5,94,0,1,1,1,1,0,1,0.5874,0.02399806990611708,0.6210392902408112,-0.008871989860583018,14.000305500239305,16.032045268486556,0.047310149756771835,-0.3633089435294359,25,0,11,2,0.017743979721166033,6.001089617855865,13.497689813262639,18.646715624699077,2,2,"CURRENT","2026-08-28 13:30:15.000",0
"2026-08-28 13:30:15.000",163,"concept","885430.TI","天然气",6,76.3907,5,91,1,1,0,1,1,0,1,1.105651,0.010483476102529643,0.7818181818181819,0.018181818181818188,1.8573113315530885,3.027810510905778,0.03477097153323183,0.5044245999160806,190,4,2,0,0.01818181818181818,21.606108055604086,38.607479835281296,45.98727783447243,2,2,"CURRENT","2026-08-28 13:30:15.000",0
"2026-08-28 13:30:15.000",163,"concept","886086.TI","西部大开发",7,75.8972,5,94,0,1,1,1,1,0,1,0.592216,0.021301113751781564,0.6031496062992125,-0.006299212598425252,11.606230690436226,14.670443011026514,0.05265374780999643,0.9194805900652927,34,1,8,2,0.009448818897637795,6.558066470207977,17.62257602058791,25.794524760916833,2,2,"CURRENT","2026-08-28 13:30:15.000",0
"2026-08-28 13:30:15.000",163,"concept","885545.TI","汽车电子",8,74.0925,4,92,0,0,1,1,1,0,1,-0.06894,0.05348814361116894,0.4198473282442748,0.020356234096692072,16.857653751388366,15.035812187951548,-0.08441482532607125,1.5575176999743068,17,0,4,1,0.010178117048346057,10.306265577778035,16.375830999302696,21.520655120614993,2,2,"CURRENT","2026-08-28 13:30:15.000",0
"2026-08-28 13:30:15.000",163,"concept","885964.TI","俄乌冲突概念",9,73.8997,5,91,1,1,0,1,1,0,1,1.323899,0.01619189325876569,0.7162162162162162,-0.05405405405405406,1.755492590419228,2.1377496151832407,0.015117241899745615,0.056308253627112226,198,1,1,0,0.02702702702702703,16.6789694521436,34.34456527455971,45.885996607155214,2,2,"CURRENT","2026-08-28 13:30:15.000",0
"2026-08-28 13:30:15.000",163,"concept","885530.TI","黄金概念",10,73.8303,5,91,1,1,0,1,1,0,1,1.484567,0.03731453502124893,0.7228915662650602,0.012048192771084376,4.270681036973188,5.600800182010798,-0.030558796561732215,2.649642240362613,106,0,3,1,0,10.477243215565558,28.465793928674525,39.362206020724805,2,2,"CURRENT","2026-08-28 13:30:15.000",0
"2026-08-28 13:30:15.000",163,"concept","885914.TI","煤炭概念",11,73.5758,5,91,1,1,0,1,1,0,1,1.128779,0.024830519207830193,0.7,0,1.794720368807277,3.680155986411692,0.0393164841364555,0.39230309085468607,195,2,1,1,0.03333333333333333,16.63113270233744,40.435652728819086,50.28903776624406,2,2,"CURRENT","2026-08-28 13:30:15.000",0
"2026-08-28 13:30:15.000",163,"concept","885505.TI","生态农业",12,73.0746,5,91,1,1,0,1,1,0,1,1.470894,0.019680223615781145,0.796875,0,0.7824058656982448,1.511998069935611,0.005309834687358461,0.451335293620051,289,-2,2,0,0.015625,51.02444792154437,62.48430182671015,70.0454282938095,2,2,"CURRENT","2026-08-28 13:30:15.000",0
"2026-08-28 13:30:15.000",163,"concept","885372.TI","页岩气",13,71.8638,5,91,1,1,0,1,1,0,1,1.004205,0.024314141639414366,0.6862745098039216,-0.019607843137254943,0.7899424351180209,1.6646372893131465,0.014895468073513052,0.4345203322505711,286,2,1,0,0.0392156862745098,39.299372596367206,66.13958011233765,75.50876815406902,2,2,"CURRENT","2026-08-28 13:30:15.000",0
"2026-08-28 13:30:15.000",163,"concept","885951.TI","预制菜",14,71.7943,5,91,1,1,0,1,1,0,1,1.314006,-0.004673008606914664,0.7623762376237624,0.01980198019801982,0.8626726132361571,0.7919237949972476,0.007835872278048162,-0.026568642547007526,274,1,2,0,0.039603960396039604,12.805264438792797,29.068859894466453,38.27314861167424,2,2,"CURRENT","2026-08-28 13:30:15.000",0
"2026-08-28 13:30:15.000",163,"concept","886009.TI","先进封装",15,71.0488,5,93,1,0,1,1,1,0,1,-0.511681,0.080583572538373,0.30097087378640774,-0.014563106796116554,12.200293458299177,11.133953699425875,-0.052571645826294144,0.9660711500418433,30,0,1,1,0.0048543689320388345,6.3415243875621155,14.538149612008278,21.468677846774224,2,2,"CURRENT","2026-08-28 13:30:15.000",0
"2026-08-28 13:30:15.000",163,"concept","885988.TI","统一大市场",16,70.653,5,91,1,1,0,1,1,0,1,1.155941,-0.005598748866253445,0.7833333333333333,0.025000000000000022,0.8182307278728268,0.9720803255742717,0.0037748107749655535,0.06006803928676141,282,1,2,0,0.025,17.47367605010785,31.109005860729628,38.74991345919855,2,2,"CURRENT","2026-08-28 13:30:15.000",0
"2026-08-28 13:30:15.000",163,"concept","885736.TI","无人驾驶",17,70.5064,4,92,0,0,1,1,1,0,1,-0.024825,0.036672529281900346,0.4632352941176471,0.02450980392156865,11.585407175582512,11.826815703032153,-0.04656719214421301,2.2900605906929776,35,-1,2,1,0.012254901960784314,13.10268777984687,23.703417061925403,30.29458545595012,2,2,"CURRENT","2026-08-28 13:30:15.000",0
"2026-08-28 13:30:15.000",163,"concept","885728.TI","人工智能",18,70.3753,4,92,0,0,1,1,1,0,1,0.266629,0.024933738005028516,0.5318559556786704,0.0009233610341643494,19.032134196055452,16.953934912068043,-0.11618999369585126,2.7416377562167007,13,0,19,0,0.009233610341643583,2.6050396314593676,7.4823264222261265,11.39153935819472,2,2,"CURRENT","2026-08-28 13:30:15.000",0
"2026-08-28 13:30:15.000",163,"concept","885839.TI","人造肉",19,68.8638,5,91,1,1,0,1,1,0,1,1.556594,0.0339444849263737,0.85,0,0.20399820832976354,0.43478313838940474,0.003714892838989653,0.24100799518832955,373,1,1,0,0.05,46.04604813361543,73.54237276156837,81.80508067396748,2,2,"CURRENT","2026-08-28 13:30:15.000",0
"2026-08-28 13:30:15.000",163,"concept","886072.TI","高股息精选",20,68.3059,4,90,0,1,0,1,1,0,1,0.529972,0.009115339652865373,0.6491228070175439,0.01754385964912286,4.047867236348934,7.9657254867629605,0.09504948996068219,2.00933820183373,109,1,2,0,0.031578947368421054,9.685102368278605,22.37379742392141,30.37716158331451,2,2,"CURRENT","2026-08-28 13:30:15.000",0
"2026-08-28 13:30:15.000",163,"industry","884026.TI","氮肥",1,84.0658,6,123,1,1,0,1,1,1,1,6.095735,0.309088028658544,1,0,0.14170347683565288,0.6628623111623292,0.011917473695315622,-0.4575379906654039,206,6,1,0,0.2,92.33465464040508,99.85204973077549,100,2,2,"CURRENT","2026-08-28 13:30:15.000",0
"2026-08-28 13:30:15.000",163,"industry","884281.TI","煤化工",2,82.6928,6,123,1,1,0,1,1,1,1,3.91934,0.05424643794413875,1,0,0.24474995968683297,0.5797104985677454,0.004547089193332382,-0.34141372401817327,149,2,1,0,0.14285714285714285,54.798110030956394,81.80133601259979,96.13091185575409,2,2,"CURRENT","2026-08-28 13:30:15.000",0
"2026-08-28 13:30:15.000",163,"industry","881108.TI","化学原料",3,82.0313,5,91,1,1,0,1,1,0,1,2.069948,0.022229427850084527,0.9473684210526315,0.01754385964912275,0.9831928465039892,1.6964478269645058,0.01671463034755083,-0.7373008230371991,51,0,2,0,0.05263157894736842,22.80828421975328,49.41702121089027,58.99820471157797,2,2,"CURRENT","2026-08-28 13:30:15.000",0
"2026-08-28 13:30:15.000",163,"industry","884020.TI","石油加工",4,80.9404,5,91,1,1,0,1,1,0,1,2.21755,0.026457206780405862,1,0,0.30747679325763405,1.2357375591961555,0.018203741281649977,0.6254400602243303,130,5,1,0,0.045454545454545456,52.939396867631906,87.78672638695907,94.09727352441928,2,2,"CURRENT","2026-08-28 13:30:15.000",0
"2026-08-28 13:30:15.000",163,"industry","881180.TI","石油加工贸易",5,80.8088,5,91,1,1,0,1,1,0,1,2.181479,0.025199059018365944,1,0,0.3273874900486798,1.263791882617008,0.018842893163824204,0.6312064229449862,125,3,1,0,0.037037037037037035,51.76422001940436,85.83799001035109,92.00845227086918,2,2,"CURRENT","2026-08-28 13:30:15.000",0
"2026-08-28 13:30:15.000",163,"industry","884059.TI","玻璃玻纤",6,80.1317,5,91,1,1,0,1,1,0,1,1.934291,0.06598921908715916,0.9166666666666666,0,0.9554556990516392,0.9749462042195347,0.033877977097415135,-1.0477323621527228,52,1,1,0,0.08333333333333333,38.60361096753006,88.46294861442622,94.92163643679898,2,2,"CURRENT","2026-08-28 13:30:15.000",0
"2026-08-28 13:30:15.000",163,"industry","881103.TI","农产品加工",7,76.3605,5,91,1,1,0,1,1,0,1,1.927617,-0.0034469521892011024,0.8837209302325582,0,0.4907741810157795,0.54280135466102,0.0043972676514848485,-0.20929639065390493,95,1,1,0,0.046511627906976744,17.032138784714064,44.30359717664912,57.447675139992185,2,2,"CURRENT","2026-08-28 13:30:15.000",0
"2026-08-28 13:30:15.000",163,"industry","884237.TI","瓷砖地板",8,76.2226,6,123,1,1,0,1,1,1,1,1.946509,0.027084155683487765,0.7692307692307693,-0.07692307692307687,0.15701987330445302,0.13027945203474428,-0.0025939548353115793,0.07503582294191394,195,-4,2,0,0.07692307692307693,62.1105596032546,84.71690401868656,93.80653712740836,2,2,"CURRENT","2026-08-28 13:30:15.000",0
"2026-08-28 13:30:15.000",163,"industry","881168.TI","工业金属",9,76.2006,5,94,0,1,1,1,1,0,1,1.060829,0.055415470890740615,0.6727272727272727,0,2.3421363117154193,2.6839512412619393,0.009546663783777998,-0.05616469216435194,14,0,1,0,0.01818181818181818,12.685324129335013,32.68073802092671,46.315894281520706,2,2,"CURRENT","2026-08-28 13:30:15.000",0
"2026-08-28 13:30:15.000",163,"industry","881263.TI","农化制品",10,75.6552,5,91,1,1,0,1,1,0,1,1.842357,0.05111745923729316,0.8688524590163934,-0.032786885245901676,0.8657538883540532,1.6242235242099747,0.025599358195054323,-0.32654941590249287,57,1,1,1,0.03278688524590164,37.682721413042394,51.177177110305685,59.05139176446663,2,2,"CURRENT","2026-08-28 13:30:15.000",0
"2026-08-28 13:30:15.000",163,"industry","884125.TI","乳品",11,74.8464,5,107,1,1,0,1,0,1,1,1.822812,0.03107326712201708,0.8888888888888888,0,0.1661267418167057,0.8667035968837044,0.002096868709269617,0.710943336405973,189,-1,0,0,0.1111111111111111,89.0141301527991,94.18465845793082,96.93544506556513,2,2,"CURRENT","2026-08-28 13:30:15.000",0
"2026-08-28 13:30:15.000",163,"industry","881136.TI","服装家纺",12,73.9248,5,91,1,1,0,1,1,0,1,1.716923,-0.0023281420331033864,0.8266666666666667,0.053333333333333344,0.5354547398274943,0.6978654533412051,-0.0011586748045905315,0.3808622874040909,89,-2,3,0,0,21.43517333681448,47.906518113582614,56.248295353468755,2,2,"CURRENT","2026-08-28 13:30:15.000",0
"2026-08-28 13:30:15.000",163,"industry","884001.TI","种子生产",13,72.5423,5,91,1,1,0,1,1,0,1,4.455822,0.004850784783649864,1,0.09999999999999998,0.36221945926858884,0.23863688694513474,-0.0054245646801303615,0.05635768490490076,113,0,2,0,0,33.86823003224832,67.5355017551133,87.15120698473666,2,2,"CURRENT","2026-08-28 13:30:15.000",0
"2026-08-28 13:30:15.000",163,"industry","884025.TI","其他化学原料",14,72.2884,5,107,1,1,0,1,0,1,1,1.610151,0.06132673460848004,0.8823529411764706,0.05882352941176472,0.21153756122439427,0.6039275559627555,0.003969288604048243,0.05209204949882629,165,4,0,0,0.11764705882352941,64.06904904298737,89.3097431200772,93.51259960279826,2,2,"CURRENT","2026-08-28 13:30:15.000",0
"2026-08-28 13:30:15.000",163,"industry","881279.TI","光伏设备",15,71.7806,5,94,0,1,1,1,1,0,1,0.8034,0.039975261311586685,0.6805555555555556,0.01388888888888895,1.3520548840121662,1.0757378393965944,0.005399780494183881,-0.5150890534466304,31,0,2,0,0,20.32731096142833,34.69894786065109,43.450288617237355,2,2,"CURRENT","2026-08-28 13:30:15.000",0
"2026-08-28 13:30:15.000",163,"style","883436.TI","周期",1,79.625,5,94,0,1,1,1,1,0,1,0.986407,0.029155495832733358,0.6912878787878788,-0.008522727272727293,22.06488068070984,25.109253141625327,0.18127150815566395,-4.563638661082361,11,0,16,5,0.01231060606060606,3.8316448470630315,8.874581127629838,13.122906327778175,2,2,"CURRENT","2026-08-28 13:30:15.000",0
"2026-08-28 13:30:15.000",163,"style","883985.TI","深市新主板",2,75.4135,5,94,0,1,1,1,1,0,1,0.666469,0.01622609863538571,0.6154362416107383,-0.00201342281879191,27.328136227348725,28.778992763359966,0.009550821434388013,1.321821764958134,5,0,35,6,0.012080536912751677,3.3430544704886107,6.910716135735222,9.848711166617747,2,2,"CURRENT","2026-08-28 13:30:15.000",0
"2026-08-28 13:30:15.000",163,"style","883986.TI","昨日非ST涨停表现",3,72.9615,5,91,1,1,0,1,1,0,1,3.404477,0.02509886013795093,0.7012987012987013,0.025974025974025983,7.214943218629588,6.901485592588879,-0.0826750103298286,1.8645106428731113,33,0,15,8,0,13.940439217467063,28.98482827969347,41.05680830729329,2,2,"CURRENT","2026-08-28 13:30:15.000",0
"2026-08-28 13:30:15.000",163,"style","883900.TI","昨日涨停表现",4,72.6154,5,91,1,1,0,1,1,0,1,3.329216,0.01933841105816736,0.6923076923076923,0.02564102564102566,7.221391802798445,6.901869417420799,-0.08264960793544862,1.8632280659236997,32,0,15,8,0,13.93966396565977,28.98321638352884,41.05452506755133,2,2,"CURRENT","2026-08-28 13:30:15.000",0
"2026-08-28 13:30:15.000",163,"style","883978.TI","昨日打板表现",5,70.8269,5,91,1,1,0,1,1,0,1,2.234675,0.02404932938162574,0.6091954022988506,0.02298850574712652,8.748405861563018,7.4631566263005045,-0.10580828628468808,1.6348687214732847,26,0,11,6,0,7.481727905283984,19.709911006643857,29.9219944695713,2,2,"CURRENT","2026-08-28 13:30:15.000",0
"2026-08-28 13:30:15.000",163,"style","883423.TI","沪深主板昨日涨停",6,70.1923,5,91,1,1,0,1,1,0,1,2.981116,0.0015921216656167303,0.6764705882352942,0.014705882352941235,6.2243731684239165,5.927096424262956,-0.06594414223649014,1.4958872531259297,36,0,15,8,0,16.23218748726089,33.74980942727658,45.29888723292298,2,2,"CURRENT","2026-08-28 13:30:15.000",0
"2026-08-28 13:30:15.000",163,"style","883420.TI","减持新规(不可减持)",7,69.7596,4,92,0,0,1,1,1,0,1,0.496546,0.016645640594337152,0.5868881903906601,-0.004490345756623215,36.45918595827442,40.45046940113342,0.03209709449490816,3.3769183951812067,4,0,34,8,0.009429726088908847,3.8309338774268573,8.31498889893743,11.445344751922674,2,2,"CURRENT","2026-08-28 13:30:15.000",0
"2026-08-28 13:30:15.000",163,"style","883935.TI","业绩预亏",8,68.5385,4,90,0,1,0,1,1,0,1,0.961344,0.006768405085066931,0.6931216931216931,-0.005291005291005235,6.9285134041651775,9.520465054810233,0.03769325111605415,2.0639438625950017,34,0,17,5,0.009259259259259259,10.105571509356023,21.01140791172774,29.351218227521663,2,2,"CURRENT","2026-08-28 13:30:15.000",0
"2026-08-28 13:30:15.000",163,"style","883993.TI","昨日非ST首板",9,67.4231,5,91,1,1,0,1,1,0,1,2.842851,0.043806312412164594,0.6721311475409836,0.032786885245901565,6.0293063419350155,4.520601546990684,-0.07803302608264229,0.058178694044636714,38,0,9,2,0,10.616137403595552,29.046117433568003,41.3799251426923,2,2,"CURRENT","2026-08-28 13:30:15.000",0
"2026-08-28 13:30:15.000",163,"style","883979.TI","昨日首板表现",10,67.25,5,91,1,1,0,1,1,0,1,2.764372,0.04315646649561966,0.6612903225806451,0.032258064516129004,6.035754926103873,4.520985371822603,-0.07800762368826142,0.056896117095226906,37,0,9,2,0,10.615236109559087,29.043651462054065,41.37641204952644,2,2,"CURRENT","2026-08-28 13:30:15.000",0
"2026-08-28 14:00:15.000",193,"concept","885705.TI","乡村振兴",1,83.0874,5,91,1,1,0,1,1,0,1,1.364491,-0.013650506521856176,0.7188940092165899,-0.00691244239631339,6.721530645806653,9.112332970091408,0.09142645407742034,-0.10496365032736676,68,3,12,1,0.009216589861751152,21.84925787639305,32.09880441770396,36.61627919555077,3,4,"CURRENT","2026-08-28 14:00:15.000",0
"2026-08-28 14:00:15.000",193,"concept","886021.TI","国企改革",2,81.3445,5,94,0,1,1,1,1,0,1,0.824501,-0.012219680183422899,0.678254942058623,0.002044989775051076,24.756355576725472,25.177479756877254,0.07474243632065836,-2.2786341561701704,9,0,25,2,0.006816632583503749,2.3500359963172923,5.40533845098838,8.041256951598925,3,4,"CURRENT","2026-08-28 14:00:15.000",0
"2026-08-28 14:00:15.000",193,"concept","885812.TI","农业种植",3,80.0103,5,91,1,1,0,1,1,0,1,2.606947,0.026262706602242503,0.8043478260869565,-0.010869565217391242,1.3745109049345587,1.8405310272039086,0.049794588508627724,-0.5600626516421177,239,3,6,0,0.021739130434782608,10.321778577113792,28.713275754543115,41.23596743489418,3,4,"CURRENT","2026-08-28 14:00:15.000",0
"2026-08-28 14:00:15.000",193,"concept","885967.TI","化肥",4,79.4704,5,91,1,1,0,1,1,0,1,2.815017,-0.03198945596791791,0.918918918918919,-0.013513513513513487,1.657359455729793,1.9583908688046727,0.04806372418670435,-1.2224058596614058,211,3,4,1,0.013513513513513514,10.984362360593687,29.3891187862464,42.57228905824708,3,4,"CURRENT","2026-08-28 14:00:15.000",0
"2026-08-28 14:00:15.000",193,"concept","885494.TI","一带一路",5,79.0386,5,94,0,1,1,1,1,0,1,0.678994,-0.012623430280700454,0.6527249683143219,-0.0025348542458808465,14.063577907289595,13.506617955868014,0.020764726047231008,-2.295811095685897,25,0,12,2,0.0076045627376425855,4.861305294603707,11.76193544169897,16.77974528581521,3,4,"CURRENT","2026-08-28 14:00:15.000",0
"2026-08-28 14:00:15.000",193,"concept","885690.TI","PPP概念",6,77.3419,5,91,1,1,0,1,1,0,1,0.935745,0.024938579219746515,0.7688442211055276,0.005025125628140725,1.5802785409422508,2.263551429216752,0.009403798071343727,-0.0024174634988285426,216,3,3,0,0.01507537688442211,15.324153493722562,27.230672221809538,36.0606079431948,3,4,"CURRENT","2026-08-28 14:00:15.000",0
"2026-08-28 14:00:15.000",193,"concept","885505.TI","生态农业",7,77.1568,5,91,1,1,0,1,1,0,1,2.288077,-0.021076245570095242,0.875,-0.03125,0.8454311071547485,1.0536841786276745,0.030929667978431885,-0.6302829716366571,279,4,4,0,0.015625,16.997667014008876,41.056402791239314,50.18547563231732,3,4,"CURRENT","2026-08-28 14:00:15.000",0
"2026-08-28 14:00:15.000",193,"concept","886086.TI","西部大开发",8,76.4936,5,94,0,1,1,1,1,0,1,0.688618,-0.009321171945464446,0.6456692913385826,0.011023622047244053,11.65667605269038,11.173240873187625,0.0011229356203799057,-0.9019463353614352,34,0,9,2,0.007874015748031496,9.464837907374362,14.708978766331082,18.560472464667416,3,4,"CURRENT","2026-08-28 14:00:15.000",0
"2026-08-28 14:00:15.000",193,"concept","885915.TI","物业管理",9,76.2005,5,91,1,1,0,1,1,0,1,1.207953,-0.009728737421377254,0.7197802197802198,-0.02197802197802201,1.6745921275851692,2.105681922142371,0.0205141791465413,-0.734059993305773,208,2,5,0,0.005494505494505495,16.47305282792246,29.767855435047743,38.19789325849728,3,4,"CURRENT","2026-08-28 14:00:15.000",0
"2026-08-28 14:00:15.000",193,"concept","885410.TI","固废处理",10,76.0848,5,91,1,1,0,1,1,0,1,0.843677,0.03741279715518964,0.7483870967741936,0.04516129032258065,1.4946688258599057,1.9010864796482052,0.015633131501817665,-0.39608691528316764,225,2,1,0,0.012903225806451613,18.24588724058013,36.96834315181094,43.67070908343376,3,4,"CURRENT","2026-08-28 14:00:15.000",0
"2026-08-28 14:00:15.000",193,"concept","885398.TI","煤化工概念",11,74.3265,5,91,1,1,0,1,1,0,1,1.808058,-0.036346790862895606,0.8303571428571429,-0.008928571428571397,2.3155159215038954,2.928103730635998,0.022617750725114405,-3.42156544312569,166,4,4,1,0,12.158479946776236,25.769471734174576,34.35851947334652,3,4,"CURRENT","2026-08-28 14:00:15.000",0
"2026-08-28 14:00:15.000",193,"concept","885988.TI","统一大市场",12,74.2725,5,91,1,1,0,1,1,0,1,1.342845,-0.016912380458533605,0.8166666666666667,0.04166666666666663,0.8424224691343173,1.1163302875890853,0.011862938325339467,-0.4270140594853489,280,1,2,0,0.016666666666666666,8.778500255676866,21.281207505223033,31.23659283633844,3,4,"CURRENT","2026-08-28 14:00:15.000",0
"2026-08-28 14:00:15.000",193,"concept","885750.TI","特色小镇",13,74.2622,6,123,1,1,0,1,1,1,1,1.45567,0.036139296251391784,0.75,0,0.3552769242695824,0.6381442387544815,0.0009548573336279342,0.3031091344534352,346,0,1,0,0.05,24.97859796816536,49.45486763285268,64.04634732213293,3,4,"CURRENT","2026-08-28 14:00:15.000",0
"2026-08-28 14:00:15.000",193,"concept","885951.TI","预制菜",14,74.1028,5,91,1,1,0,1,1,0,1,1.556052,0.01931809963191533,0.8217821782178217,0.009900990099009799,0.8806033757157734,1.1462709533123123,0.0053541220342551155,0.07667579529342228,274,0,2,0,0.019801980198019802,16.614970668316587,45.873451318793364,52.96182783030382,3,4,"CURRENT","2026-08-28 14:00:15.000",0
"2026-08-28 14:00:15.000",193,"concept","885744.TI","雄安新区",15,73.9229,5,91,1,1,0,1,1,0,1,0.589367,0.01769074445139296,0.6855670103092784,0,1.8692835398825984,2.300539224019133,0.00883966624682575,-0.10550478912586048,190,0,3,0,0.010309278350515464,15.077773584600312,25.97043033212208,32.20649515281792,2,3,"CURRENT","2026-08-28 14:00:15.000",0
"2026-08-28 14:00:15.000",193,"concept","886034.TI","数字水印",16,72.9383,5,91,1,1,0,1,1,0,1,1.095698,0.07824689117625905,0.6,0.033333333333333326,0.6731933916209493,0.679536102346841,-0.007795593418257751,0.19808822816908345,306,-1,3,0,0.03333333333333333,30.55470540185844,61.491433734730194,73.17213297066122,3,3,"CURRENT","2026-08-28 14:00:15.000",0
"2026-08-28 14:00:15.000",193,"concept","885995.TI","粮食概念",17,72.7069,5,91,1,1,0,1,1,0,1,3.57335,-0.07773789194648328,0.8775510204081632,-0.020408163265306145,1.1129954822464223,1.336794363881954,0.017357991809036966,-1.3583910189497985,254,1,5,0,0,22.779502273227354,49.34183069692872,61.195631101719805,3,4,"CURRENT","2026-08-28 14:00:15.000",0
"2026-08-28 14:00:15.000",193,"concept","886110.TI","2026中报预增",18,72.1517,4,92,0,0,1,1,1,0,1,0.396418,-0.036434660056472445,0.52734375,0.00390625,29.10852175899068,28.02539334425875,-0.084461350087917,4.711086186966373,5,0,12,3,0.005859375,3.773467600105433,9.652336774070168,14.212973147677404,3,4,"CURRENT","2026-08-28 14:00:15.000",0
"2026-08-28 14:00:15.000",193,"concept","885521.TI","粤港澳大湾区",19,71.7661,4,92,0,0,1,1,1,0,1,0.346498,-0.010281075323159694,0.5346938775510204,0.012244897959183598,10.583026439938358,12.61560854671715,0.003110969163630628,2.770321385017626,37,1,9,1,0.00816326530612245,15.781855641906011,26.898892531219342,33.53511166342521,3,4,"CURRENT","2026-08-28 14:00:15.000",0
"2026-08-28 14:00:15.000",193,"concept","885430.TI","天然气",20,70.9794,5,91,1,1,0,1,1,0,1,1.232095,-0.014642750174709285,0.793939393939394,-0.0060606060606061,1.8869464242280718,2.33538486741765,0.012059199592621583,0.1015771843101283,187,1,2,0,0,10.15387924044143,23.724121569160694,32.64819345701231,3,4,"CURRENT","2026-08-28 14:00:15.000",0
"2026-08-28 14:00:15.000",193,"industry","881109.TI","化学制品",1,81.4922,5,94,0,1,1,1,1,0,1,1.511574,-0.037420689687261977,0.7527472527472527,-0.016483516483516536,2.381340881358636,2.4520958078561064,0.03893858794340632,-0.6122812475907282,13,0,5,1,0.016483516483516484,11.040004618615045,23.778449675370705,34.5503064460595,3,4,"CURRENT","2026-08-28 14:00:15.000",0
"2026-08-28 14:00:15.000",193,"industry","881103.TI","农产品加工",2,80.8715,5,91,1,1,0,1,1,0,1,2.413254,0.011645029353002379,0.9069767441860465,0,0.5074833409638905,0.6370308636812902,0.004689076320373964,-0.10097932186137848,92,0,2,0,0.06976744186046512,27.625346157399377,54.24479383777865,69.60982019531276,3,4,"CURRENT","2026-08-28 14:00:15.000",0
"2026-08-28 14:00:15.000",193,"industry","884011.TI","其他农产品加工",3,79.4451,6,123,1,1,0,1,1,1,1,3.022076,0.022863821058427547,0.9166666666666666,0,0.14278419873132908,0.21178375637823801,0.001914524188802863,0.05591854140548572,208,1,1,0,0.08333333333333333,42.18879331451969,85.13725601495828,91.20140526234191,3,4,"CURRENT","2026-08-28 14:00:15.000",0
"2026-08-28 14:00:15.000",193,"industry","881101.TI","种植业与林业",4,79.1411,5,91,1,1,0,1,1,0,1,4.389998,-0.03284602071288445,0.9333333333333333,0,0.7941288296512007,1.0917075230428712,0.02963315184355697,-0.49792738961777294,61,4,4,0,0,19.70461363742352,53.51195283252024,68.02691516193534,3,4,"CURRENT","2026-08-28 14:00:15.000",0
"2026-08-28 14:00:15.000",193,"industry","884036.TI","氟化工",5,78.116,5,91,1,1,0,1,1,0,1,3.443082,-0.09585449253028955,1,0.09999999999999998,0.7132399538806089,0.47584491544674723,0.025173866490689867,-0.7739746412899233,71,1,2,0,0,56.89069729494166,87.81199929828114,95.85315637273187,3,4,"CURRENT","2026-08-28 14:00:15.000",0
"2026-08-28 14:00:15.000",193,"industry","884149.TI","热力",6,77.5925,6,123,1,1,0,1,1,1,1,1.145392,0.1482817313946727,0.6666666666666666,-0.11111111111111116,0.11613861594684127,0.2493420544185381,0.00017058253419638403,0.09178720675049692,224,-1,1,0,0.05555555555555555,75.83759227200744,84.362785478118,89.6126091329611,3,3,"CURRENT","2026-08-28 14:00:15.000",0
"2026-08-28 14:00:15.000",193,"industry","881108.TI","化学原料",7,77.2602,5,91,1,1,0,1,1,0,1,2.422374,-0.052507506448329355,0.9298245614035088,-0.01754385964912275,1.0135009997018904,1.1506334404298018,0.006425343956130591,-0.13201435491103797,49,0,2,0,0,12.12093108276969,31.239939109495175,44.94096542095385,3,4,"CURRENT","2026-08-28 14:00:15.000",0
"2026-08-28 14:00:15.000",193,"industry","881263.TI","农化制品",8,77.2414,5,91,1,1,0,1,1,0,1,2.756122,-0.021462356629309287,0.8852459016393442,-0.016393442622950838,0.9431111512101137,0.9687967866356343,0.03199493578279844,-1.1175728061738521,53,1,3,1,0,18.833497180679696,30.59758617149232,39.81234704060208,3,4,"CURRENT","2026-08-28 14:00:15.000",0
"2026-08-28 14:00:15.000",193,"industry","884296.TI","横向通用软件",9,76.837,5,91,1,1,0,1,1,0,1,3.151839,-0.032126062168635894,0.9024390243902439,0,1.1153707206549224,0.5877815890984059,-0.02424626598825297,0.18053706317669854,45,-1,5,0,0,31.206847809218996,48.78101362940047,59.69772494314485,3,4,"CURRENT","2026-08-28 14:00:15.000",0
"2026-08-28 14:00:15.000",193,"industry","884001.TI","种子生产",10,76.1975,5,91,1,1,0,1,1,0,1,6.787792,0.07058472140288874,1,0,0.37916156072654195,0.4086182510821891,0.01267141439368763,-0.49041155055715013,112,0,2,0,0,43.83106422390376,75.7008518889193,87.5772721749036,3,4,"CURRENT","2026-08-28 14:00:15.000",0
"2026-08-28 14:00:15.000",193,"industry","881158.TI","零售",11,75.2571,5,91,1,1,0,1,1,0,1,2.085791,-0.015330547142478057,0.8873239436619719,0.014084507042253613,0.5487110200718778,0.47740848950152986,0.01284288887979812,-1.1566224225369124,87,2,3,0,0,12.376569615162207,29.172530601884635,39.82605810744234,3,4,"CURRENT","2026-08-28 14:00:15.000",0
"2026-08-28 14:00:15.000",193,"industry","881180.TI","石油加工贸易",12,74.7116,5,91,1,1,0,1,1,0,1,2.47364,-0.021442693591200435,0.9629629629629629,-0.03703703703703709,0.3553108348217106,0.4609683880571861,0.011269975586655434,-0.21716324072312965,117,3,1,0,0,25.406536946238234,68.2351510168137,80.7811931733175,3,4,"CURRENT","2026-08-28 14:00:15.000",0
"2026-08-28 14:00:15.000",193,"industry","884020.TI","石油加工",13,74.6646,5,91,1,1,0,1,1,0,1,2.542099,-0.014332110570658418,0.9545454545454546,-0.045454545454545414,0.33467772575187804,0.44158910829676673,0.01133543446616353,-0.18557571793080013,123,4,1,0,0,26.521510975202943,71.22967252154389,84.32630176515833,3,4,"CURRENT","2026-08-28 14:00:15.000",0
"2026-08-28 14:00:15.000",193,"industry","884045.TI","氨纶",14,74.348,5,107,1,1,0,1,0,1,1,2.690898,0.35441290390103575,1,0,0.04541178551979706,0.41631821690503723,0.0018789415343869256,0.39553592429173834,278,1,0,0,1,60.632699721371644,100,100,2,2,"CURRENT","2026-08-28 14:00:15.000",0
"2026-08-28 14:00:15.000",193,"industry","881264.TI","化学纤维",15,73.953,4,90,0,1,0,1,1,0,1,1.422754,0.02032090883441473,0.8275862068965517,0.06896551724137934,0.40182982353994195,1.0257839529357458,0.00767764060524162,0.585310208645214,109,1,1,0,0.06896551724137931,24.608005771485445,61.65078503138592,84.5526728179648,3,3,"CURRENT","2026-08-28 14:00:15.000",0
"2026-08-28 14:00:15.000",193,"style","883436.TI","周期",1,80.0385,5,94,0,1,1,1,1,0,1,1.08174,-0.024332771507018514,0.6998106060606061,-0.008522727272727293,22.141351114869927,20.68654117876369,0.04477903085022206,-5.98817306332819,11,0,19,5,0.006628787878787879,1.9976043774307704,5.213990391482722,7.742863924573015,3,4,"CURRENT","2026-08-28 14:00:15.000",0
"2026-08-28 14:00:15.000",193,"style","883985.TI","深市新主板",2,78.9135,5,94,0,1,1,1,1,0,1,0.738425,-0.014872052204117914,0.6322147651006711,-0.006711409395973256,27.42926288133354,27.589827298608643,0.062144346090203584,-2.1102820687695854,5,0,37,5,0.00738255033557047,2.926131674476743,7.288490101699955,10.476484942137963,3,4,"CURRENT","2026-08-28 14:00:15.000",0
"2026-08-28 14:00:15.000",193,"style","883986.TI","昨日非ST涨停表现",3,78.25,5,91,1,1,0,1,1,0,1,3.283378,-0.030228869180770612,0.7012987012987013,0.025974025974025983,7.107212695354898,5.572233211554767,-0.011844845903335788,0.5757206919911271,33,0,16,7,0.012987012987012988,9.350373833427069,23.363638291964193,34.539256746125936,3,4,"CURRENT","2026-08-28 14:00:15.000",0
"2026-08-28 14:00:15.000",193,"style","883900.TI","昨日涨停表现",4,78.0769,5,91,1,1,0,1,1,0,1,3.217092,-0.02722427528829563,0.6923076923076923,0.02564102564102566,7.113360183581895,5.579078981272753,-0.011930838500892271,0.5816437028137278,32,0,16,7,0.01282051282051282,9.338900522822291,23.334970103530587,34.49687559348263,3,4,"CURRENT","2026-08-28 14:00:15.000",0
"2026-08-28 14:00:15.000",193,"style","883423.TI","沪深主板昨日涨停",5,76.1731,5,91,1,1,0,1,1,0,1,2.865638,-0.018218647022127943,0.6764705882352942,0.014705882352941235,6.1405455240757245,4.845411593028379,-0.003304918194277029,0.4114366179198239,36,0,16,7,0.014705882352941176,10.752948973424767,26.29658391166575,37.12049126714312,3,4,"CURRENT","2026-08-28 14:00:15.000",0
"2026-08-28 14:00:15.000",193,"style","883978.TI","昨日打板表现",6,74.8942,5,91,1,1,0,1,1,0,1,2.092581,-0.02256317689530718,0.6206896551724138,0.02298850574712641,8.60503583239589,6.6016651824824315,-0.028742044471755435,0.6151857260822577,27,-1,11,6,0.011494252873563218,7.8923214332846285,19.720424716280593,29.153370887980827,2,3,"CURRENT","2026-08-28 14:00:15.000",0
"2026-08-28 14:00:15.000",193,"style","883434.TI","消费",7,71.7788,4,90,0,1,0,1,1,0,1,1.266616,-0.0174177290246047,0.7440543601359003,-0.011325028312570762,8.456730706464894,10.181285719061774,0.08525002666083914,-0.9162087243616632,29,0,22,3,0.006795016987542469,6.009921888543715,13.2528098111166,18.49621095479884,3,3,"CURRENT","2026-08-28 14:00:15.000",0
"2026-08-28 14:00:15.000",193,"style","883935.TI","业绩预亏",8,69.6154,4,90,0,1,0,1,1,0,1,1.056303,-0.006562286539246731,0.7116402116402116,-0.001322751322751281,7.039630653586075,7.143429092706645,0.040504600228755905,-2.1360806964907972,34,0,18,5,0.006613756613756613,4.8557925181433665,10.61839389984652,15.74138894526709,3,4,"CURRENT","2026-08-28 14:00:15.000",0
"2026-08-28 14:00:15.000",193,"style","883992.TI","昨日非ST打板",9,68.7788,4,90,0,1,0,1,1,0,1,2.089083,-0.02597423833533563,0.6206896551724138,0.02298850574712641,8.60503583239589,6.6016651824824315,-0.028742044471755435,0.6151857260822577,28,-1,11,6,0.011494252873563218,7.8923214332846285,19.720424716280593,29.153370887980827,3,3,"CURRENT","2026-08-28 14:00:15.000",0
"2026-08-28 14:00:15.000",193,"style","883958.TI","昨日连板",10,68.1538,5,91,1,1,0,1,1,0,1,4.947992,-0.0012626581479269205,0.875,0.125,1.2026769764480734,1.2551012921187368,0.019278519827527818,0.555105272916954,73,1,7,5,0,41.512556749201316,67.33994339643546,81.57589355756512,3,4,"CURRENT","2026-08-28 14:00:15.000",0
"2026-08-28 14:30:15.000",223,"concept","885967.TI","化肥",1,82.0617,5,91,1,1,0,1,1,0,1,3.301609,0.020376009114664306,0.9594594594594594,0.027027027027026973,1.7347337161852499,2.810001836877346,0.03386244208149458,-0.9011880091429902,204,0,6,1,0.06756756756756757,10.774741709100214,29.79441413446628,43.73543314370596,3,5,"CURRENT","2026-08-28 14:30:15.000",0
"2026-08-28 14:30:15.000",223,"concept","885398.TI","煤化工概念",2,81.892,5,91,1,1,0,1,1,0,1,2.128644,0.026502073997147768,0.8392857142857143,0,2.4294456555849124,3.1478239494982865,0.05297704068599929,-1.711657870299351,156,5,6,1,0.044642857142857144,6.666603644796945,18.912919172669078,29.037735779869227,3,5,"CURRENT","2026-08-28 14:30:15.000",0
"2026-08-28 14:30:15.000",223,"concept","886086.TI","西部大开发",3,80.9974,5,94,0,1,1,1,1,0,1,0.858233,0.03411672190327675,0.6771653543307087,0.026771653543307128,11.721647370938738,13.685893265054174,0.05309531267777956,1.1315272048012375,34,0,12,2,0.023622047244094488,4.061533896992666,10.663506048581388,15.614901981687307,3,5,"CURRENT","2026-08-28 14:30:15.000",0
"2026-08-28 14:30:15.000",223,"concept","886021.TI","国企改革",4,80.6658,5,94,0,1,1,1,1,0,1,0.971296,0.022366155843434044,0.7102931152010906,0.019086571233810412,24.923752279360052,27.99013699377823,0.08328673965700162,2.30332146456794,9,0,27,2,0.013633265167007498,1.7446619517200859,5.039664405387024,8.088594877486948,3,5,"CURRENT","2026-08-28 14:30:15.000",0
"2026-08-28 14:30:15.000",223,"concept","885705.TI","乡村振兴",5,80.4344,5,91,1,1,0,1,1,0,1,1.478326,0.009502851295328796,0.7741935483870968,0.020737327188940058,6.8387776611664455,7.287822915449295,0.0495402484976708,-1.1241586897289224,66,1,14,1,0.004608294930875576,4.1544703192865615,12.08040388624864,18.599201197642167,3,5,"CURRENT","2026-08-28 14:30:15.000",0
"2026-08-28 14:30:15.000",223,"concept","885494.TI","一带一路",6,79.0308,5,94,0,1,1,1,1,0,1,0.82783,0.014397204386651374,0.6983523447401775,0.0038022813688213253,14.072856845719265,14.783330838682819,-0.01029517337987862,1.4828407475220295,25,0,12,2,0.01394169835234474,3.589706874360417,10.24763091571692,14.194049643890821,3,5,"CURRENT","2026-08-28 14:30:15.000",0
"2026-08-28 14:30:15.000",223,"concept","886100.TI","DeepSeek概念",7,77.8895,5,94,0,1,1,1,1,0,1,0.526885,0.030855081662273243,0.6072821846553966,0.016905071521456483,15.2558161905277,14.144961326601951,-0.07167963376102904,0.9701050261372224,20,0,12,0,0.006501950585175552,3.707491347933888,9.714024121627727,13.851533557011035,3,5,"CURRENT","2026-08-28 14:30:15.000",0
"2026-08-28 14:30:15.000",223,"concept","885863.TI","磷化工",8,77.5656,5,91,1,1,0,1,1,0,1,1.66116,0.03806623524933439,0.7941176470588235,0.014705882352941124,1.7435300498893451,2.1126280854112944,0.011914926989684993,-0.2994454031775913,201,1,3,0,0.07352941176470588,12.896584264596248,28.896732169904034,39.19488150056317,3,5,"CURRENT","2026-08-28 14:30:15.000",0
"2026-08-28 14:30:15.000",223,"concept","885522.TI","养老概念",9,76.5707,5,91,1,1,0,1,1,0,1,1.029661,0.04666980005274546,0.6995515695067265,0.022421524663677195,2.3588834612997007,2.769659672368225,0.02939606294152286,0.06131317244046608,164,3,7,0,0.008968609865470852,6.9376635423273285,17.46206389618137,24.594508894969927,3,5,"CURRENT","2026-08-28 14:30:15.000",0
"2026-08-28 14:30:15.000",223,"concept","885430.TI","天然气",10,76.4242,5,91,1,1,0,1,1,0,1,1.389661,0.03173164097916015,0.806060606060606,0,1.9320085648361813,2.484781095446993,0.02064081039898391,0.4493338450945217,184,1,2,0,0.01818181818181818,6.9402438550215715,19.41238074428073,30.463345736605774,3,5,"CURRENT","2026-08-28 14:30:15.000",0
"2026-08-28 14:30:15.000",223,"concept","885914.TI","煤炭概念",11,76.2931,5,91,1,1,0,1,1,0,1,1.417397,0.06845178845362732,0.7777777777777778,0.033333333333333326,1.8725370117011166,2.322503111237413,0.020434846845420518,-1.295444374459167,188,4,2,1,0.03333333333333333,7.83163403355363,22.05338018229539,34.05930950500518,3,5,"CURRENT","2026-08-28 14:30:15.000",0
"2026-08-28 14:30:15.000",223,"concept","885964.TI","俄乌冲突概念",12,76.1697,5,91,1,1,0,1,1,0,1,1.639145,0.05103342689460888,0.7567567567567568,0.013513513513513598,1.7706784238087672,2.687679525755166,0.013057956225845713,0.8428037512688942,198,1,1,0,0.04054054054054054,17.20577083795832,35.17359323784424,47.678567472036754,3,5,"CURRENT","2026-08-28 14:30:15.000",0
"2026-08-28 14:30:15.000",223,"concept","885505.TI","生态农业",13,76.0925,5,91,1,1,0,1,1,0,1,2.336978,0.023897746466516878,0.90625,0.015625,0.8791281132172736,1.163903808434968,0.018688728918408115,-0.02586636406919207,276,1,4,0,0.015625,16.509067840821405,37.08223633914404,48.57123979931692,3,5,"CURRENT","2026-08-28 14:30:15.000",0
"2026-08-28 14:30:15.000",223,"concept","885958.TI","硅能源",14,75.5913,5,91,1,1,0,1,1,0,1,1.530363,0.011390778767239595,0.746031746031746,-0.04761904761904756,1.7024881455092362,1.9808958606905342,0.013307486138900648,-2.1304011362038855,207,1,2,0,0.07936507936507936,14.10805508012227,36.435243277858035,51.01022267099703,3,5,"CURRENT","2026-08-28 14:30:15.000",0
"2026-08-28 14:30:15.000",223,"concept","886031.TI","ChatGPT概念",15,74.8329,5,91,1,1,0,1,1,0,1,1.212759,0.03971064140535496,0.6906474820143885,0.05035971223021585,3.3697260545377636,2.8526081654902202,-0.038302112847202974,0.5317229016938798,130,-2,9,0,0.007194244604316547,7.1681662316156,19.463537297706573,28.67496037307405,2,3,"CURRENT","2026-08-28 14:30:15.000",0
"2026-08-28 14:30:15.000",223,"concept","885782.TI","水泥概念",16,74.7326,6,123,1,1,0,1,1,1,1,1.817193,0.06733833188818927,0.8478260869565217,-0.04347826086956519,0.4204025882594542,0.8798912631641599,0.006753709705615729,0.2290775341110043,338,1,1,1,0.06521739130434782,19.927662108543185,44.61677774999848,57.14159257456042,3,5,"CURRENT","2026-08-28 14:30:15.000",0
"2026-08-28 14:30:15.000",223,"concept","885951.TI","预制菜",17,73.0386,5,91,1,1,0,1,1,0,1,1.693163,0.006936677635493993,0.8712871287128713,0.02970297029702973,0.8967866543019559,0.7683356626792559,0.008812420222906181,-0.2696632945724109,274,0,2,0,0.009900990099009901,10.73905412432742,23.852989768748078,32.40803039591068,3,5,"CURRENT","2026-08-28 14:30:15.000",0
"2026-08-28 14:30:15.000",223,"concept","885903.TI","环氧丙烷",18,72.7609,5,91,1,1,0,1,1,0,1,2.712645,-0.004910171481598002,1,0,0.5941894703294464,0.632796961639606,0.011839623823066803,-0.46691488164079564,317,1,1,0,0.038461538461538464,32.17501368842416,57.954240011522515,72.4941342198276,3,5,"CURRENT","2026-08-28 14:30:15.000",0
"2026-08-28 14:30:15.000",223,"concept","885876.TI","网红经济",19,72.6684,5,91,1,1,0,1,1,0,1,1.565827,0.016492113286603605,0.8389830508474576,0.05932203389830504,1.2767463907916565,1.1765027086784812,-0.006719413780916339,0.1838350119321296,245,0,4,0,0.01694915254237288,14.594771088380599,30.08229745492737,38.38822193107122,3,5,"CURRENT","2026-08-28 14:30:15.000",0
"2026-08-28 14:30:15.000",223,"concept","885988.TI","统一大市场",20,72.5913,5,91,1,1,0,1,1,0,1,1.499015,0.04905485657968889,0.8333333333333334,0.01666666666666672,0.8654162892062273,1.0344547388111922,0.00854029779041865,-0.06723640520643048,277,1,2,0,0.016666666666666666,7.859006501367867,17.353719137680056,26.62234464151179,3,5,"CURRENT","2026-08-28 14:30:15.000",0
"2026-08-28 14:30:15.000",223,"industry","881263.TI","农化制品",1,85,5,91,1,1,0,1,1,0,1,3.226324,0.06029041049473438,0.9508196721311475,0.016393442622950727,1.009736264025967,1.8629946739720653,0.030213753857817993,-1.3473982877267625,52,0,5,1,0.08196721311475409,14.624672042228248,39.9521319662691,55.68544596548999,3,5,"CURRENT","2026-08-28 14:30:15.000",0
"2026-08-28 14:30:15.000",223,"industry","884026.TI","氮肥",2,84.4577,6,123,1,1,0,1,1,1,1,8.043432,-0.002911781256864643,1,0,0.18503529298491148,0.27359992134933103,0.011865603924673424,-1.1205139961831985,179,8,3,0,0.2,76.70066026119385,97.35543304030824,100,3,5,"CURRENT","2026-08-28 14:30:15.000",0
"2026-08-28 14:30:15.000",223,"industry","881168.TI","工业金属",3,84.2038,6,126,0,1,1,1,1,1,1,1.381275,0.029429197548647146,0.7818181818181819,0.018181818181818188,2.3033087885820955,3.6077530302038507,0.011581035447483234,0.9213949157286976,14,0,1,0,0.05454545454545454,12.817839142221708,34.10603185371156,49.29572576096934,3,5,"CURRENT","2026-08-28 14:30:15.000",0
"2026-08-28 14:30:15.000",223,"industry","881180.TI","石油加工贸易",4,83.9687,6,123,1,1,0,1,1,1,1,2.752681,0.01565363068585235,1,0,0.3756550099944326,0.5001876919043176,0.009276594391540716,-0.20969225027484673,113,0,1,0,0.18518518518518517,26.279952828266257,56.72164213413527,68.66458340486099,3,5,"CURRENT","2026-08-28 14:30:15.000",0
"2026-08-28 14:30:15.000",223,"industry","881108.TI","化学原料",5,83.8433,5,91,1,1,0,1,1,0,1,3.043477,0.03209278426190565,0.9649122807017544,0.01754385964912286,1.0477876219419215,1.242134928248623,0.02411285939030261,-0.19906175153090322,49,0,3,0,0.05263157894736842,13.064416793658149,30.830483366370444,41.99971854610649,3,5,"CURRENT","2026-08-28 14:30:15.000",0
"2026-08-28 14:30:15.000",223,"industry","884020.TI","石油加工",6,83.79,6,123,1,1,0,1,1,1,1,2.832529,0.010851854962878882,1,0,0.3545084775676967,0.4826355841038097,0.008997122887172582,-0.1936689287522093,118,2,1,0,0.18181818181818182,27.235681291368508,58.78444978891862,71.16172246732152,3,5,"CURRENT","2026-08-28 14:30:15.000",0
"2026-08-28 14:30:15.000",223,"industry","881279.TI","光伏设备",7,83.3103,6,126,0,1,1,1,1,1,1,1.166868,0.01558190417916272,0.7222222222222222,0.01388888888888884,1.4105007684538233,1.7170633283829992,0.002556028443184699,0.5642028237860537,30,1,2,0,0.05555555555555555,28.737397033749673,41.76977960629021,49.850407753418075,3,5,"CURRENT","2026-08-28 14:30:15.000",0
"2026-08-28 14:30:15.000",223,"industry","884281.TI","煤化工",8,81.5235,6,123,1,1,0,1,1,1,1,4.573572,-0.00638878327838821,1,0,0.25470133819721047,0.32695058087883366,0.0023879637696397338,0.02007162573138055,148,0,1,0,0.14285714285714285,40.54941483199366,77.80719046318583,93.33812842218921,3,5,"CURRENT","2026-08-28 14:30:15.000",0
"2026-08-28 14:30:15.000",223,"industry","881109.TI","化学制品",9,81.0125,5,94,0,1,1,1,1,0,1,1.783011,0.025492491867185052,0.7912087912087912,0,2.4245809188963765,2.29568634622707,0.017432299952527153,-2.2515288166779506,13,0,5,1,0.03296703296703297,12.173521856127302,25.40524313519456,33.388290663578914,3,5,"CURRENT","2026-08-28 14:30:15.000",0
"2026-08-28 14:30:15.000",223,"industry","884296.TI","横向通用软件",10,77.9843,5,91,1,1,0,1,1,0,1,3.439574,0.05407102490755378,0.9512195121951219,0.024390243902438935,1.0708893688572454,0.706145701829199,-0.0226966004018454,0.23590900304246903,47,0,5,0,0,17.148343607326254,48.865218503224966,60.315260183730146,3,5,"CURRENT","2026-08-28 14:30:15.000",0
"2026-08-28 14:30:15.000",223,"industry","884027.TI","磷肥及磷化工",11,77.2226,5,107,1,1,0,1,0,1,1,2.455475,0.07664565703273674,1,0,0.27383731175006104,0.7967735631164161,0.008713259068138801,-0.08878794974645077,140,1,0,0,0.2,34.19501773715169,70.01080654338028,85.40042302461603,3,4,"CURRENT","2026-08-28 14:30:15.000",0
"2026-08-28 14:30:15.000",223,"industry","884028.TI","农药",12,76.8276,5,91,1,1,0,1,1,0,1,2.614966,0.06145447755456779,0.9354838709677419,0,0.20885147485085637,0.19589707237061613,0.004422319210301562,-0.174573101963601,169,2,2,0,0.03225806451612903,15.485409698085146,38.86048049133534,54.14659694165952,3,4,"CURRENT","2026-08-28 14:30:15.000",0
"2026-08-28 14:30:15.000",223,"industry","884036.TI","氟化工",13,76.094,5,91,1,1,0,1,1,0,1,3.856432,-0.0031989558608058744,1,0,0.7257362548582377,0.4677425859976957,0.0037061778877690577,-1.8077646875702182,70,0,2,0,0,59.747794507524155,85.5507622116189,93.91317433189981,3,5,"CURRENT","2026-08-28 14:30:15.000",0
"2026-08-28 14:30:15.000",223,"industry","884024.TI","无机盐",14,74.8339,5,91,1,1,0,1,1,0,1,3.375491,0.009810694163636668,0.9,0.09999999999999998,0.2743874437543442,0.2277789788404355,0.011336129931004912,-0.26235906855664537,138,5,2,0,0,71.24348567726524,93.45849139455032,97.04972282964583,3,5,"CURRENT","2026-08-28 14:30:15.000",0
"2026-08-28 14:30:15.000",223,"industry","881272.TI","软件开发",15,74.3636,5,94,0,1,1,1,1,0,1,1.26958,0.044740859987024706,0.7101449275362319,-0.007246376811594124,2.4704750798889803,1.869279333710618,-0.0373686613968891,0.38839139085106544,12,-1,5,0,0,7.861169803779318,20.535084896158402,31.87621360786263,3,5,"CURRENT","2026-08-28 14:30:15.000",0
"2026-08-28 14:30:15.000",223,"style","883436.TI","周期",1,82.4904,5,94,0,1,1,1,1,0,1,1.324816,0.018473787603490166,0.7395833333333334,0.008522727272727293,22.23519758679879,24.251873833977506,0.06493179199458865,-1.893280356557657,11,0,22,5,0.028409090909090908,1.9068051533909682,5.6217453218582865,8.251031596732737,3,5,"CURRENT","2026-08-28 14:30:15.000",0
"2026-08-28 14:30:15.000",223,"style","883985.TI","深市新主板",2,80.0962,5,94,0,1,1,1,1,0,1,0.917534,0.0176282710458997,0.6778523489932886,0.021476510067114152,27.485024973287675,28.939512435907222,0.04472668382684475,-0.012044717678062256,5,0,39,5,0.018120805369127517,1.9998322196474132,5.285199423157214,8.234108178533987,3,5,"CURRENT","2026-08-28 14:30:15.000",0
"2026-08-28 14:30:15.000",223,"style","883420.TI","减持新规(不可减持)",3,79.2308,5,94,0,1,1,1,1,0,1,0.682288,0.022112810313323905,0.6371800628648406,0.013920071845532123,36.514621223573,40.42795229692793,0.04511853749787065,1.1377676736460174,4,0,36,8,0.010327795240233499,4.326493765542217,7.536875077622652,10.208987687938714,3,5,"CURRENT","2026-08-28 14:30:15.000",0
"2026-08-28 14:30:15.000",223,"style","883434.TI","消费",4,73.1923,4,90,0,1,0,1,1,0,1,1.409437,0.025113628370121432,0.7893544733861835,0.01925254813137034,8.595363860065126,10.520213193017087,0.07205904862239443,0.7705436204580689,26,1,23,3,0.015855039637599093,3.8514989560426622,9.186844708149954,13.455076347831701,3,5,"CURRENT","2026-08-28 14:30:15.000",0
"2026-08-28 14:30:15.000",223,"style","883978.TI","昨日打板表现",5,72.3558,5,91,1,1,0,1,1,0,1,2.211313,0.002511712429020818,0.6436781609195402,0.02298850574712641,8.425174158828916,5.881387391613508,-0.08174089120974593,0.12202508564893932,28,0,11,6,0.011494252873563218,9.840224004414196,25.629878423481156,34.62288034567477,2,3,"CURRENT","2026-08-28 14:30:15.000",0
"2026-08-28 14:30:15.000",223,"style","883935.TI","业绩预亏",6,71.6058,4,90,0,1,0,1,1,0,1,1.213261,0.022541846405621513,0.746031746031746,0.013227513227513255,7.057531836330957,7.980597828468102,0.009363768872027833,1.8075144680420996,32,0,18,5,0.01455026455026455,3.7938315706684747,9.569001050631154,12.97826334103874,3,5,"CURRENT","2026-08-28 14:30:15.000",0
"2026-08-28 14:30:15.000",223,"style","883993.TI","昨日非ST首板",7,68.9038,5,91,1,1,0,1,1,0,1,2.869746,-0.0006020195174594178,0.6721311475409836,0.016393442622950838,5.756441946644607,3.8233325020961475,-0.07297121861609313,0.06536414130662438,39,0,9,2,0,13.879991946415737,27.178884966348033,37.5009616314754,3,5,"CURRENT","2026-08-28 14:30:15.000",0
"2026-08-28 14:30:15.000",223,"style","883979.TI","昨日首板表现",8,68.2981,5,91,1,1,0,1,1,0,1,2.773664,0.000929437525520882,0.6612903225806451,0.016129032258064502,5.763196375477523,3.826786427216349,-0.0729450298911889,0.058531050176937605,38,0,9,2,0,13.86746434557787,27.154354244472177,37.46711456008164,3,5,"CURRENT","2026-08-28 14:30:15.000",0
"2026-08-28 14:30:15.000",223,"style","883433.TI","先进制造",9,68.0385,4,92,0,0,1,1,1,0,1,0.223355,0.01600109056785204,0.5466025255562237,-0.0012026458208057589,23.484863975305036,23.57253176583991,0.004788348487622329,1.175504118510986,9,0,15,2,0.011425135297654841,2.0932809038077362,5.648248780176353,8.168931110549615,3,5,"CURRENT","2026-08-28 14:30:15.000",0
"2026-08-28 14:30:15.000",223,"style","883925.TI","股东户数减少",10,67.3942,4,90,0,1,0,1,1,0,1,1.024128,0.012475934206457318,0.672316384180791,0.019774011299435013,4.263500045503934,4.863709659804748,0.0190477995556666,-0.30600016827931764,50,0,8,1,0.01977401129943503,6.225092802037451,16.013742328274848,22.879321681635165,3,4,"CURRENT","2026-08-28 14:30:15.000",0
"2026-08-28 15:00:00.000",254,"concept","885705.TI","乡村振兴",1,82.3008,5,91,1,1,0,1,1,0,1,1.210391,0.0012350100653257812,0.7096774193548387,-0.018433179723502224,6.868550821604464,7.533552654145515,0.01106194733121324,0.5554377626722342,64,0,14,1,0.002304147465437788,8.492448375765873,19.052780488211063,26.575585953703733,3,5,"CURRENT","2026-08-28 15:00:00.000",0
"2026-08-28 15:00:00.000",254,"concept","885494.TI","一带一路",2,80.7198,5,94,0,1,1,1,1,0,1,0.561033,0.013581124798989208,0.6197718631178707,-0.0291508238276299,14.086377803793134,15.160025457814562,0.0051839040325791785,2.4593206286737903,25,0,12,2,0.0025348542458808617,7.965852747503775,16.771592059153104,22.24379818342336,3,5,"CURRENT","2026-08-28 15:00:00.000",0
"2026-08-28 15:00:00.000",254,"concept","885617.TI","福建自贸区",3,78.0977,5,91,1,1,0,1,1,0,1,0.571514,0.029070396158892287,0.6299212598425197,-0.03937007874015752,2.5396364325997767,2.1910876623699265,0.019038831386456234,-2.725232676863742,154,0,3,0,0.007874015748031496,20.960264929564804,34.15943431881801,45.27773001310159,3,3,"CURRENT","2026-08-28 15:00:00.000",0
"2026-08-28 15:00:00.000",254,"concept","886021.TI","国企改革",4,77.1028,5,94,0,1,1,1,1,0,1,0.745299,0.005231937442995438,0.6530334014996592,-0.01635991820040905,25.02819721760175,26.261524091448944,0.06095264559443336,-0.5931442558110405,8,1,28,2,0,4.5984585671736005,8.777428206908263,11.919043574567091,3,5,"CURRENT","2026-08-28 15:00:00.000",0
"2026-08-28 15:00:00.000",254,"concept","885530.TI","黄金概念",5,75.5219,5,91,1,1,0,1,1,0,1,1.454832,0.00504917900348012,0.7469879518072289,0.03614457831325302,4.107237605453908,4.993893665854381,0.009434106238413342,1.661819383667968,107,0,3,1,0,13.864931627326104,28.79566586981549,41.01835000366577,3,5,"CURRENT","2026-08-28 15:00:00.000",0
"2026-08-28 15:00:00.000",254,"concept","885965.TI","中俄贸易概念",6,74.1414,5,91,1,1,0,1,1,0,1,0.832794,0.025262007132287323,0.7094972067039106,0.005586592178770888,1.362156593476018,1.1494389844184152,0.003913449933321322,-0.13933756415626686,241,0,3,0,0.0111731843575419,8.077743820970728,19.003950470995683,27.78514128539356,3,5,"CURRENT","2026-08-28 15:00:00.000",0
"2026-08-28 15:00:00.000",254,"concept","885995.TI","粮食概念",7,74.1414,5,91,1,1,0,1,1,0,1,2.886536,-0.009653190162428604,0.8367346938775511,-0.061224489795918324,1.092585870120433,1.9046998328229314,-0.0028604137745169567,0.8945602359306912,255,0,5,0,0,33.58970578929664,61.85295013480123,77.99971768766315,3,5,"CURRENT","2026-08-28 15:00:00.000",0
"2026-08-28 15:00:00.000",254,"concept","885522.TI","养老概念",8,73.0308,5,91,1,1,0,1,1,0,1,0.784183,0.025543026256258372,0.6322869955156951,-0.0358744394618834,2.3894822527294943,2.8017381364876495,0.015464185053905677,0.6152060949442961,161,0,7,0,0,22.83522009721082,34.74791657951958,42.6164105698387,3,5,"CURRENT","2026-08-28 15:00:00.000",0
"2026-08-28 15:00:00.000",254,"concept","885728.TI","人工智能",9,72.7378,4,92,0,0,1,1,1,0,1,0.090652,0.01456221746556352,0.5032317636195752,-0.03416435826408126,18.798201683784406,20.23463010096269,0.03273668504078486,0.40711680218448976,14,0,19,1,0.0009233610341643582,8.29202639683065,19.730298890165606,23.99072430265992,3,5,"CURRENT","2026-08-28 15:00:00.000",0
"2026-08-28 15:00:00.000",254,"concept","885840.TI","人民币贬值受益",10,71.8432,4,92,0,0,1,1,1,0,1,0.179679,0.011679796021613065,0.5304777594728172,-0.014827018121911006,17.608263438660295,20.388661634099726,-0.03668290125706264,1.3207206711108341,16,-1,7,0,0.004942339373970346,10.42467817695178,27.736763180875347,34.46466833444909,3,5,"CURRENT","2026-08-28 15:00:00.000",0
"2026-08-28 15:00:00.000",254,"concept","886110.TI","2026中报预增",11,71.2031,4,92,0,0,1,1,1,0,1,0.239489,0.010444063412728966,0.49609375,-0.015625,28.66567662460355,29.363903354657005,-0.1305648991294639,3.2123658618014233,5,0,12,3,0.001953125,6.306523835126078,15.76761221181551,21.811136261277948,3,5,"CURRENT","2026-08-28 15:00:00.000",0
"2026-08-28 15:00:00.000",254,"concept","885345.TI","新疆振兴",12,70.9409,5,91,1,1,0,1,1,0,1,0.961486,0.001502119490592868,0.6858974358974359,-0.02564102564102566,1.7726759462269683,2.0272414148439197,0.016527753012594903,0.05128693673819984,198,1,3,0,0,9.77950740082916,26.7275403313406,35.43058681836894,3,5,"CURRENT","2026-08-28 15:00:00.000",0
"2026-08-28 15:00:00.000",254,"concept","885964.TI","俄乌冲突概念",13,70.8638,5,91,1,1,0,1,1,0,1,1.336725,0.025119818870766863,0.6756756756756757,-0.05405405405405406,1.7810781918830991,2.917348566312095,0.00776554033916077,1.3152486919498736,197,0,1,0,0,23.733877751446137,52.42774641731124,62.47332103750318,3,5,"CURRENT","2026-08-28 15:00:00.000",0
"2026-08-28 15:00:00.000",254,"concept","885811.TI","玉米",14,70.8329,5,91,1,1,0,1,1,0,1,2.826226,-0.014339196212276306,0.8235294117647058,-0.08823529411764708,0.7519014313827869,1.44014881036809,0.002379499579969413,0.6679601942372053,294,0,2,0,0,44.42478898072515,72.54122392958922,85.01566472937407,3,5,"CURRENT","2026-08-28 15:00:00.000",0
"2026-08-28 15:00:00.000",254,"concept","885517.TI","机器人概念",15,70.5861,4,92,0,0,1,1,1,0,1,-0.20995,0.012305556596192702,0.44435351882160395,-0.014729950900163657,23.530981616763526,24.34872785461377,0.049952034270539514,-0.2779100994477126,10,1,11,3,0.0008183306055646482,6.890959064848777,16.56163005284398,21.24829281635925,3,5,"CURRENT","2026-08-28 15:00:00.000",0
"2026-08-28 15:00:00.000",254,"concept","886063.TI","PEEK材料",16,70.4242,5,91,1,1,0,1,1,0,1,1.462795,-0.008926807870979214,0.6111111111111112,0,1.3082526957474467,2.235232131924082,-0.005147457897894725,1.1283655076128145,243,0,2,0,0,54.026840756538,67.15403274452511,75.63807331796072,3,5,"CURRENT","2026-08-28 15:00:00.000",0
"2026-08-28 15:00:00.000",254,"concept","885744.TI","雄安新区",17,70.2422,5,91,1,1,0,1,1,0,1,0.50452,0.02669438136659874,0.6494845360824743,-0.02577319587628868,1.88983513059265,2.4816470123268575,0.011355378263758764,0.6046804058451212,187,0,3,0,0,18.442512026304538,31.399141990233947,39.38191644293891,2,4,"CURRENT","2026-08-28 15:00:00.000",0
"2026-08-28 15:00:00.000",254,"concept","885951.TI","预制菜",18,69.7995,5,91,1,1,0,1,1,0,1,1.552767,0.01589219949946763,0.8217821782178217,-0.01980198019801982,0.9089301031712562,1.3973985196292704,0.006863539967811194,0.4921415414133655,274,0,2,0,0,45.78386630781475,56.1504440826728,60.889178123719056,3,5,"CURRENT","2026-08-28 15:00:00.000",0
"2026-08-28 15:00:00.000",254,"concept","885430.TI","天然气",19,69.5681,5,91,1,1,0,1,1,0,1,1.140693,0.0014537199178432658,0.7454545454545455,-0.036363636363636376,1.9540278282417785,2.0461172779042545,0.00606904340425185,0.09487905764267501,184,0,2,0,0,12.630678801543086,23.59557226525364,31.021858955345017,3,5,"CURRENT","2026-08-28 15:00:00.000",0
"2026-08-28 15:00:00.000",254,"concept","885915.TI","物业管理",20,69.4833,5,91,1,1,0,1,1,0,1,1.160259,0.021758713645181338,0.7032967032967034,-0.0219780219780219,1.7006887343957315,1.6963715201372889,0.004563908471002298,-0.1416817573566198,207,1,5,0,0,11.686957829926905,25.382734847344285,35.07807776680457,3,5,"CURRENT","2026-08-28 15:00:00.000",0
"2026-08-28 15:00:00.000",254,"industry","881136.TI","服装家纺",1,81.0596,5,91,1,1,0,1,1,0,1,1.823839,-0.010088639815386546,0.7866666666666666,0,0.5394759060914477,0.7769802257761379,0.006367110297148204,0.21344262835365424,87,2,4,0,0.013333333333333334,20.4657162343472,44.962763515363605,61.09655512672535,3,5,"CURRENT","2026-08-28 15:00:00.000",0
"2026-08-28 15:00:00.000",254,"industry","884296.TI","横向通用软件",2,77.6082,5,91,1,1,0,1,1,0,1,2.958096,-0.012974867647264077,0.8780487804878049,-0.024390243902439046,1.038144760838557,1.0524585458491804,-0.011367865711245262,0.4516445895159795,48,-1,4,1,0,17.60156562384541,45.757492431628435,59.90979665541541,3,5,"CURRENT","2026-08-28 15:00:00.000",0
"2026-08-28 15:00:00.000",254,"industry","881103.TI","农产品加工",3,76.9028,5,91,1,1,0,1,1,0,1,2.273113,0.035459921956926266,0.9069767441860465,0,0.5230233491189558,0.9810925714063015,0.0030794065521068115,0.5137316958936853,91,0,2,0,0,65.21128471061404,81.97706027764008,87.24357825983809,3,5,"CURRENT","2026-08-28 15:00:00.000",0
"2026-08-28 15:00:00.000",254,"industry","881108.TI","化学原料",4,76.8652,5,91,1,1,0,1,1,0,1,2.732547,-0.004857615917430724,0.9122807017543859,-0.01754385964912286,1.045623928234743,1.0175146849230619,-0.0020647304966854296,0.13114076331558677,47,1,3,0,0,16.831691803246148,42.70141003527457,53.85351950957544,3,5,"CURRENT","2026-08-28 15:00:00.000",0
"2026-08-28 15:00:00.000",254,"industry","881109.TI","化学制品",5,75.7743,5,94,0,1,1,1,1,0,1,1.609903,0.027930168014589363,0.7472527472527473,-0.03296703296703296,2.4407736657934103,2.081662124798344,0.004862938149134521,-0.45667120399874994,12,1,6,1,0,22.51280498470105,31.618767881092115,38.51519782465888,3,5,"CURRENT","2026-08-28 15:00:00.000",0
"2026-08-28 15:00:00.000",254,"industry","884001.TI","种子生产",6,75.4357,5,91,1,1,0,1,1,0,1,4.538333,0.031936562092527154,0.8,-0.19999999999999996,0.36555208218885005,0.6347794181296392,-0.002092591154354506,0.3163463686842528,116,-1,2,0,0,38.592663089228,87.04216315207641,94.4367643104878,3,5,"CURRENT","2026-08-28 15:00:00.000",0
"2026-08-28 15:00:00.000",254,"industry","884141.TI","饰品",7,75.3793,5,91,1,1,0,1,1,0,1,2.82924,0.021109603831570567,0.8666666666666667,0.06666666666666665,0.23952065077062396,0.42149721697214176,0.0037092215057479283,0.16635306093827745,157,3,2,0,0,24.82336084426343,64.79614000600209,80.98997967148959,3,5,"CURRENT","2026-08-28 15:00:00.000",0
"2026-08-28 15:00:00.000",254,"industry","884059.TI","玻璃玻纤",8,74.7147,5,91,1,1,0,1,1,0,1,1.455133,0.07891078736412815,0.8333333333333334,-0.08333333333333326,0.9089577435851565,1.526452644476036,-0.01052576755329826,0.7828023349588452,54,0,1,0,0,79.11318499291656,94.0355818138554,97.00500121181359,2,3,"CURRENT","2026-08-28 15:00:00.000",0
"2026-08-28 15:00:00.000",254,"industry","881153.TI","房地产",9,74.0533,5,91,1,1,0,1,1,0,1,1.536003,0.05032902527712935,0.7386363636363636,-0.045454545454545414,0.7286335250370549,0.6818220996741929,0.006511459086937177,-0.08907931155065973,68,2,2,0,0,18.33006869540221,37.33044658406822,50.328111259040206,3,4,"CURRENT","2026-08-28 15:00:00.000",0
"2026-08-28 15:00:00.000",254,"industry","881158.TI","零售",10,73.837,5,91,1,1,0,1,1,0,1,1.927811,-0.010289488153369941,0.8591549295774648,-0.014084507042253502,0.5616124063644158,0.5091727770719006,0.003251250759189639,-0.11699946566437103,86,0,3,0,0,24.601283851611928,42.31064142774648,50.47498573243628,3,5,"CURRENT","2026-08-28 15:00:00.000",0
"2026-08-28 15:00:00.000",254,"industry","881134.TI","食品加工制造",11,73.7147,5,91,1,1,0,1,1,0,1,1.12123,0.05342548234248401,0.7878787878787878,0.015151515151515138,0.5353187289861909,0.6363500830228913,0.0008860690330464438,0.0703849834994924,89,-1,1,0,0,46.09910384659703,54.39547588865936,61.05798143593362,3,5,"CURRENT","2026-08-28 15:00:00.000",0
"2026-08-28 15:00:00.000",254,"industry","884033.TI","纺织化学用品",12,72.9624,5,91,1,1,0,1,1,0,1,3.948467,0.015790242729796233,0.9230769230769231,0,0.1800438730167827,0.3166218378003714,0.002577762627624741,0.1263012639992117,184,2,1,0,0,32.59565375175713,80.0010341076738,93.06268383800848,3,5,"CURRENT","2026-08-28 15:00:00.000",0
"2026-08-28 15:00:00.000",254,"industry","884160.TI","百货零售",13,72.6144,5,91,1,1,0,1,1,0,1,2.267112,-0.02380391571290552,0.9024390243902439,-0.024390243902439046,0.32131830897351166,0.20775490505797944,0.0032647303046052234,-0.1582300205906202,131,0,2,0,0,10.795210074301991,27.788543202657547,40.35472448316602,3,5,"CURRENT","2026-08-28 15:00:00.000",0
"2026-08-28 15:00:00.000",254,"industry","881168.TI","工业金属",14,72.2006,5,94,0,1,1,1,1,0,1,1.099826,0.004644724378133347,0.7272727272727273,-0.018181818181818188,2.2971577496722566,2.067321693839599,-0.00911508121631277,0.14809924452488676,14,0,1,0,0,9.544576285182304,22.45156843572765,33.63081946753861,3,5,"CURRENT","2026-08-28 15:00:00.000",0
"2026-08-28 15:00:00.000",254,"industry","881272.TI","软件开发",15,71.6834,5,94,0,1,1,1,1,0,1,0.818621,0.008230863507852071,0.6231884057971014,-0.036231884057971064,2.431784523290904,2.4596297047296423,-0.008742891853121382,0.5848559371125766,13,-1,4,1,0,8.706012770560461,23.94678363968158,38.277173333086175,3,5,"CURRENT","2026-08-28 15:00:00.000",0
"2026-08-28 15:00:00.000",254,"style","883985.TI","深市新主板",1,80.2404,5,94,0,1,1,1,1,0,1,0.702204,0.008992805755392297,0.6100671140939598,-0.026174496644295275,27.535340719624223,25.997256538836343,0.0144493480732244,-2.9521931477522365,5,0,41,5,0.0013422818791946308,2.6633577326812476,6.736852146128802,9.986057652800085,3,5,"CURRENT","2026-08-28 15:00:00.000",0
"2026-08-28 15:00:00.000",254,"style","883436.TI","周期",2,76.8077,5,94,0,1,1,1,1,0,1,1.042992,0.009740159503812684,0.6770833333333334,-0.02367424242424243,22.209519068236677,23.17983619524621,-0.038075249465450156,2.5196922443617886,11,0,24,4,0,5.209809483905053,10.218647627232503,13.883573469113106,3,5,"CURRENT","2026-08-28 15:00:00.000",0
"2026-08-28 15:00:00.000",254,"style","883434.TI","消费",3,73.8846,4,90,0,1,0,1,1,0,1,1.177533,0.01341894247604003,0.7315968289920725,-0.029445073612684003,8.677274694966147,9.960234924986478,0.054077857119041894,0.5897241757398533,26,0,23,3,0.0033975084937712344,6.423373292224993,14.28823537693223,19.693027250351758,3,5,"CURRENT","2026-08-28 15:00:00.000",0
"2026-08-28 15:00:00.000",254,"style","883924.TI","QFII重仓",4,73.375,4,92,0,0,1,1,1,0,1,0.296304,0.015867378935685572,0.5311740890688259,-0.029149797570850233,23.207406890698078,23.174524362102243,0.036898519132350316,1.0455698889719969,10,0,26,4,0.0016194331983805667,4.273868700897446,8.621779940576952,12.248659457854721,3,5,"CURRENT","2026-08-28 15:00:00.000",0
"2026-08-28 15:00:00.000",254,"style","883420.TI","减持新规(不可减持)",5,73.1442,4,92,0,0,1,1,1,0,1,0.387328,0.011212967452323142,0.5693758419398294,-0.030983385720700474,36.60726078731445,38.190713972416255,0.04393935995710052,0.2679347808488828,4,0,37,8,0.000449034575662326,5.565364296351386,12.012027453413493,16.006051094747946,3,5,"CURRENT","2026-08-28 15:00:00.000",0
"2026-08-28 15:00:00.000",254,"style","883958.TI","昨日连板",6,68.875,5,91,1,1,0,1,1,0,1,5.02481,0.01683264391327821,0.75,-0.0625,1.1381820616011133,1.255537717346143,-0.02363683915364767,0.5725010419789075,74,-1,8,4,0,25.626966372097254,65.28099455746468,84.59317834460259,3,5,"CURRENT","2026-08-28 15:00:00.000",0
"2026-08-28 15:00:00.000",254,"style","883988.TI","昨日非ST连板",7,68.7596,5,91,1,1,0,1,1,0,1,5.024799,0.01681885665103522,0.75,-0.0625,1.1381820616011133,1.255537717346143,-0.02363683915364767,0.5725010419789075,75,-1,8,4,0,25.626966372097254,65.28099455746468,84.59317834460259,3,5,"CURRENT","2026-08-28 15:00:00.000",0
"2026-08-28 15:00:00.000",254,"style","883996.TI","昨日打二板以上表现",8,67.0865,5,91,1,1,0,1,1,0,1,6.168647,0.018862285491683117,0.75,-0.125,0.5053130799365121,0.7594450678560358,-0.011357348896099073,0.44355809812917135,87,0,5,2,0,42.36728135211054,83.26997304619135,95.7962313019159,3,5,"CURRENT","2026-08-28 15:00:00.000",0
"2026-08-28 15:00:00.000",254,"style","883927.TI","高股息股",9,66.9904,4,90,0,1,0,1,1,0,1,0.56678,0.0048859413739110735,0.6423487544483986,-0.005338078291814985,6.0743092530575336,5.234188258465846,0.035521950389663104,-0.8315801581808584,36,0,3,0,0.0035587188612099642,8.774192982626014,19.614680752836822,25.19645508484934,3,5,"CURRENT","2026-08-28 15:00:00.000",0
"2026-08-28 15:00:00.000",254,"style","883418.TI","微盘股",10,66.3942,5,91,1,1,0,1,1,0,1,0.972073,0.04000095107155044,0.735,-0.030000000000000027,0.3327318774049208,0.31454738050741576,0.00670775324178724,-0.04662106855499204,91,1,2,0,0,5.376889995104235,14.460795818389252,19.848593665371425,3,5,"CURRENT","2026-08-28 15:00:00.000",0
